,ASOF_DATE,NAME,TICKER,ISIN,CUSIP,COUNTRY,POSITION_AMOUNT,MARKET_VALUE_IN_THOUSANDS,LOCAL_MARKET_VALUE_IN_THOUSANDS,CURRENCY,PORTFOLIO_TICKER,Issue_Date
12/30/2021,WESTERN DIGITAL CORPORATION,WDC,US958102AM75,958102AM7,United States,525000,584,584,USD,ISHHYXF,2/13/2018,
12/30/2021,BRITISH TELECOMMUNICATIONS PLC NC5 144A,BRITEL,US11102AAF84,,United Kingdom,125000,126,126,USD,ISHHYXF,11/23/2021,
12/30/2021,BRITISH TELECOMMUNICATIONS PLC N10 144A,BRITEL,US11102AAG67,,United Kingdom,125000,126,126,USD,ISHHYXF,11/23/2021,
12/30/2021,DRESDNER FUNDING TRUST I   144A,CMZB,US26156FAA12,,Germany,250000,353,353,USD,ISHHYXF,5/25/1999,
12/30/2021,RAKUTEN GROUP INC          144A,RAKUTN,US75102WAA62,75102WAA6,Japan,175000,178,178,USD,ISHHYXF,4/22/2021,
12/30/2021,RAKUTEN GROUP INC          144A,RAKUTN,US75102WAB46,75102WAB4,Japan,225000,241,241,USD,ISHHYXF,4/22/2021,
12/30/2021,VODAFONE GROUP PLC,VOD,US92857WBQ24,92857WBQ2,United Kingdom,490000,600,600,USD,ISHHYXF,4/4/2019,
12/30/2021,VODAFONE GROUP PLC,VOD,US92857WBV19,92857WBV1,United Kingdom,115000,115,115,USD,ISHHYXF,6/4/2021,
12/30/2021,VODAFONE GROUP PLC,VOD,US92857WBW91,92857WBW9,United Kingdom,265000,264,264,USD,ISHHYXF,6/4/2021,
12/30/2021,VODAFONE GROUP PLC,VOD,US92857WBX74,,United Kingdom,255000,262,262,USD,ISHHYXF,6/4/2021,
12/30/2021,AERCAP GLOBAL AVIATION TRUST 144A,AER,US00773HAA59,00773HAA5,Ireland,100000,108,108,USD,ISHHYXF,6/9/2015,
12/30/2021,ASSURANT INC,AIZ,US04621XAK46,,United States,110000,128,128,USD,ISHHYXF,3/27/2018,
12/30/2021,ALLY FINANCIAL INC,ALLY,US02005NBF69,,United States,290000,329,329,USD,ISHHYXF,11/20/2015,
12/30/2021,APOLLO COMMERCIAL REAL ESTATE FINA 144A,ARI,US03762UAD72,03762UAD7,United States,130000,127,127,USD,ISHHYXF,6/29/2021,
12/30/2021,BROOKFIELD PROPERTY REIT INC 144A,BPR,US11284DAA37,11284DAA3,United States,265000,277,277,USD,ISHHYXF,5/1/2019,
12/30/2021,BROOKFIELD PROPERTY REIT INC 144A,BPR,US11284DAC92,11284DAC9,United States,185000,185,185,USD,ISHHYXF,9/29/2021,
12/30/2021,BURFORD CAPITAL GLOBAL FINANCE LLC 144A,BURLN,US12116LAA70,12116LAA7,United States,90000,97,97,USD,ISHHYXF,4/5/2021,
12/30/2021,CIT GROUP INC,CIT,US125581GR39,125581GR3,United States,145000,156,156,USD,ISHHYXF,8/1/2013,
12/30/2021,CIT GROUP INC,CIT,US125581GY89,,United States,195000,210,210,USD,ISHHYXF,8/17/2018,
12/30/2021,CIT GROUP INC,CIT,US125581HA94,125581HA9,United States,195000,202,202,USD,ISHHYXF,6/19/2020,
12/30/2021,CIT GROUP INC,CIT,US125581GW24,125581GW2,United States,125000,139,139,USD,ISHHYXF,3/9/2018,
12/30/2021,CIT GROUP INC,CIT,US125581GX07,125581GX0,United States,100000,123,123,USD,ISHHYXF,3/9/2018,
12/30/2021,CENTENE CORPORATION,CNC,US15135BAR24,15135BAR2,United States,475000,498,498,USD,ISHHYXF,5/6/2020,
12/30/2021,CENTENE CORPORATION,CNC,US15135BAY74,15135BAY7,United States,380000,381,381,USD,ISHHYXF,7/1/2021,
12/30/2021,CENTENE CORPORATION,CNC,US15135BAT89,15135BAT8,United States,630000,681,681,USD,ISHHYXF,5/6/2020,
12/30/2021,CENTENE CORPORATION,CNC,US15135BAV36,15135BAV3,United States,360000,373,373,USD,ISHHYXF,5/6/2020,
12/30/2021,CENTENE CORPORATION,CNC,US15135BAW19,,United States,390000,400,400,USD,ISHHYXF,10/7/2020,
12/30/2021,CENTENE CORPORATION,CNC,US15135BAX91,,United States,395000,388,388,USD,ISHHYXF,2/17/2021,
12/30/2021,CENTENE CORPORATION,CNC,US15135BAZ40,15135BAZ4,United States,215000,214,214,USD,ISHHYXF,8/12/2021,
12/30/2021,COMPASS DIVERSIFIED HOLDINGS 144A,CODI,US20451RAB87,,United States,270000,287,287,USD,ISHHYXF,3/23/2021,
12/30/2021,NATIONSTAR MORTGAGE HOLDINGS INC 144A,NSM,US63861CAA71,63861CAA7,United States,155000,166,166,USD,ISHHYXF,1/16/2020,
12/30/2021,NATIONSTAR MORTGAGE HOLDINGS INC 144A,NSM,US63861CAC38,63861CAC3,United States,215000,226,226,USD,ISHHYXF,8/6/2020,
12/30/2021,NATIONSTAR MORTGAGE HOLDINGS INC 144A,NSM,US63861CAD11,63861CAD1,United States,165000,165,165,USD,ISHHYXF,12/4/2020,
12/30/2021,NATIONSTAR MORTGAGE HOLDINGS INC 144A,NSM,US63861CAE93,63861CAE9,United States,160000,162,162,USD,ISHHYXF,11/4/2021,
12/30/2021,HAT HOLDINGS I LLC         144A,HASI,US418751AB93,418751AB9,United States,120000,126,126,USD,ISHHYXF,4/21/2020,
12/30/2021,HAT HOLDINGS I LLC & HAT   144A,HASI,US418751AE33,418751AE3,United States,275000,280,280,USD,ISHHYXF,6/28/2021,
12/30/2021,HOWARD HUGHES CORP         144A,HHC,US44267DAD93,44267DAD9,United States,200000,217,217,USD,ISHHYXF,8/18/2020,
12/30/2021,HOWARD HUGHES CORP         144A,HHC,US44267DAE76,44267DAE7,United States,180000,185,185,USD,ISHHYXF,2/2/2021,
12/30/2021,HOWARD HUGHES CORP         144A,HHC,US44267DAF42,44267DAF4,United States,150000,155,155,USD,ISHHYXF,2/2/2021,
12/30/2021,JEFFERIES FINANCE LLC      144A,JEFFIN,US47232MAF95,47232MAF9,United States,250000,262,262,USD,ISHHYXF,8/3/2021,
12/30/2021,KENNEDY-WILSON INC,KW,US489399AL90,,United States,170000,176,176,USD,ISHHYXF,2/11/2021,
12/30/2021,KENNEDY-WILSON INC,KW,US489399AN56,489399AN5,United States,175000,181,181,USD,ISHHYXF,8/23/2021,
12/30/2021,KENNEDY-WILSON INC,KW,US489399AM73,,United States,140000,148,148,USD,ISHHYXF,2/11/2021,
12/30/2021,LIBERTY MUTUAL GROUP INC   144A,LIBMUT,US53079EBM57,,United States,125000,127,127,USD,ISHHYXF,8/16/2021,
12/30/2021,LIBERTY MUTUAL GROUP INC   144A,LIBMUT,US53079EBL74,53079EBL7,United States,385000,369,369,USD,ISHHYXF,2/1/2021,
12/30/2021,MOLINA HEALTHCARE INC      144A,MOH,US60855RAJ95,60855RAJ9,United States,175000,181,181,USD,ISHHYXF,6/2/2020,
12/30/2021,MOLINA HEALTHCARE INC      144A,MOH,US60855RAK68,60855RAK6,United States,180000,188,188,USD,ISHHYXF,11/17/2020,
12/30/2021,MOLINA HEALTHCARE INC      144A,MOH,US60855RAL42,60855RAL4,United States,180000,183,183,USD,ISHHYXF,11/16/2021,
12/30/2021,MPT OPERATING PARTNERSHIP LP / MPT,MPW,US55342UAH77,,United States,325000,344,344,USD,ISHHYXF,9/21/2017,
12/30/2021,MPT OPERATING PARTNERSHIP LP,MPW,US55342UAJ34,55342UAJ3,United States,300000,323,323,USD,ISHHYXF,7/26/2019,
12/30/2021,MPT OPERATING PARTNERSHIP LP,MPW,US55342UAM62,55342UAM6,United States,350000,358,358,USD,ISHHYXF,12/4/2020,
12/30/2021,MGIC INVESTMENT CORPORATION,MTG,US552848AG81,552848AG8,United States,180000,194,194,USD,ISHHYXF,8/12/2020,
12/30/2021,NMI HOLDINGS INC           144A,NMIH,US629209AA52,629209AA5,United States,120000,137,137,USD,ISHHYXF,6/19/2020,
12/30/2021,SPRINGLEAF FINANCE CORP,OMF,US85172FAL31,,United States,160000,170,170,USD,ISHHYXF,12/8/2017,
12/30/2021,SPRINGLEAF FINANCE CORP,OMF,US85172FAP45,85172FAP4,United States,350000,377,377,USD,ISHHYXF,2/22/2019,
12/30/2021,SPRINGLEAF FINANCE CORP,OMF,US85172FAM14,85172FAM1,United States,385000,437,437,USD,ISHHYXF,3/12/2018,
12/30/2021,SPRINGLEAF FINANCE CORP,OMF,US85172FAS83,85172FAS8,United States,140000,151,151,USD,ISHHYXF,5/14/2020,
12/30/2021,SPRINGLEAF FINANCE CORP,OMF,US85172FAN96,,United States,425000,495,495,USD,ISHHYXF,5/11/2018,
12/30/2021,ONEMAIN FINANCE CORP,OMF,US682691AB63,,United States,205000,207,207,USD,ISHHYXF,6/22/2021,
12/30/2021,SPRINGLEAF FINANCE CORP,OMF,US85172FAQ28,85172FAQ2,United States,225000,260,260,USD,ISHHYXF,5/9/2019,
12/30/2021,ONEMAIN FINANCE CORP,OMF,US682691AC47,682691AC4,United States,175000,174,174,USD,ISHHYXF,8/11/2021,
12/30/2021,SPRINGLEAF FINANCE CORP,OMF,US85172FAR01,85172FAR0,United States,195000,212,212,USD,ISHHYXF,11/7/2019,
12/30/2021,ONEMAIN FINANCE CORP,OMF,US682691AA80,682691AA8,United States,215000,215,215,USD,ISHHYXF,12/17/2020,
12/30/2021,PENNYMAC FINANCIAL SERVICES INC 144A,PFSI,US70932MAA53,70932MAA5,United States,140000,145,145,USD,ISHHYXF,9/29/2020,
12/30/2021,PENNYMAC FINANCIAL SERVICES INC 144A,PFSI,US70932MAB37,70932MAB3,United States,185000,181,181,USD,ISHHYXF,2/11/2021,
12/30/2021,PENNYMAC FINANCIAL SERVICES INC 144A,PFSI,US70932MAC10,70932MAC1,United States,125000,128,128,USD,ISHHYXF,9/16/2021,
12/30/2021,PARK INTERMEDIATE HOLDINGS LLC 144A,PK,US70052LAA17,70052LAA1,United States,100000,106,106,USD,ISHHYXF,5/29/2020,
12/30/2021,PARK INTERMEDIATE HOLDINGS LLC 144A,PK,US70052LAB99,70052LAB9,United States,215000,228,228,USD,ISHHYXF,9/18/2020,
12/30/2021,PARK INTERMEDIATE HOLDINGS LLC 144A,PK,US70052LAC72,,United States,195000,201,201,USD,ISHHYXF,5/14/2021,
12/30/2021,RADIAN GROUP INC,RDN,US750236AU59,750236AU5,United States,130000,138,138,USD,ISHHYXF,9/26/2017,
12/30/2021,RADIAN GROUP INC,RDN,US750236AX98,750236AX9,United States,165000,186,186,USD,ISHHYXF,5/15/2020,
12/30/2021,RADIAN GROUP INC,RDN,US750236AW16,750236AW1,United States,95000,103,103,USD,ISHHYXF,6/24/2019,
12/30/2021,RHP HOTEL PROPERTIES LP,RHP,US749571AF20,749571AF2,United States,146000,151,151,USD,ISHHYXF,7/10/2020,
12/30/2021,RHP HOTEL PROPERTIES LP    144A,RHP,US749571AG03,749571AG0,United States,170000,174,174,USD,ISHHYXF,2/17/2021,
12/30/2021,SLM CORP,SLM,US78442PGD24,78442PGD2,United States,150000,158,158,USD,ISHHYXF,10/29/2020,
12/30/2021,SLM CORP,SLM,US78442PGE07,78442PGE0,United States,125000,125,125,USD,ISHHYXF,11/1/2021,
12/30/2021,ISTAR INC,STAR,US45031UCF66,,United States,195000,206,206,USD,ISHHYXF,9/16/2019,
12/30/2021,ISTAR INC,STAR,US45031UCG40,45031UCG4,United States,140000,146,146,USD,ISHHYXF,12/16/2019,
12/30/2021,ISTAR INC,STAR,US45031UCJ88,45031UCJ8,United States,110000,116,116,USD,ISHHYXF,9/1/2020,
12/30/2021,STARWOOD PROPERTY TRUST INC 144A,STWD,US85571BAW54,85571BAW5,United States,95000,97,97,USD,ISHHYXF,12/15/2021,
12/30/2021,STARWOOD PROPERTY TRUST INC,STWD,US85571BAL99,85571BAL9,United States,120000,128,128,USD,ISHHYXF,8/14/2018,
12/30/2021,STARWOOD PROPERTY TRUST INC 144A,STWD,US85571BAU98,85571BAU9,United States,110000,112,112,USD,ISHHYXF,7/14/2021,
12/30/2021,XHR LP     144A,XHR,US98372MAA36,98372MAA3,United States,130000,141,141,USD,ISHHYXF,8/18/2020,
12/30/2021,XHR LP     144A,XHR,US98372MAC91,98372MAC9,United States,125000,128,128,USD,ISHHYXF,5/27/2021,
12/30/2021,HILTON GRAND VACATIONS BORROWER LL 144A,HGVLLC,US43284MAA62,43284MAA6,United States,205000,211,211,USD,ISHHYXF,6/4/2021,
12/30/2021,HILTON GRAND VACATIONS BORROWER ES 144A,HGVLLC,US43284MAB46,,United States,145000,149,149,USD,ISHHYXF,6/28/2021,
12/30/2021,UNIVISION COMMUNICATIONS INC 144A,UVN,US914906AS13,914906AS1,United States,385000,396,396,USD,ISHHYXF,2/19/2015,
12/30/2021,UNIVISION COMMUNICATIONS INC 144A,UVN,US914906AU68,914906AU6,United States,385000,417,417,USD,ISHHYXF,6/18/2020,
12/30/2021,UNIVISION COMMUNICATIONS INC 144A,UVN,US914906AV42,914906AV4,United States,280000,286,286,USD,ISHHYXF,5/21/2021,
12/30/2021,ASBURY AUTOMOTIVE GROUP INC.,ABG,US043436AU81,043436AU8,United States,90000,93,93,USD,ISHHYXF,11/10/2020,
12/30/2021,ASBURY AUTOMOTIVE GROUP INC 144A,ABG,US043436AW48,043436AW4,United States,205000,210,210,USD,ISHHYXF,11/19/2021,
12/30/2021,ASBURY AUTOMOTIVE GROUP INC.,ABG,US043436AV64,043436AV6,United States,135000,140,140,USD,ISHHYXF,11/10/2020,
12/30/2021,ASBURY AUTOMOTIVE GROUP INC 144A,ABG,US043436AX21,043436AX2,United States,145000,150,150,USD,ISHHYXF,11/19/2021,
12/30/2021,ARCOSA INC 144A,ACA,US039653AA89,039653AA8,United States,120000,123,123,USD,ISHHYXF,4/6/2021,
12/30/2021,ACCO BRANDS CORP           144A,ACCO,US00081TAK43,00081TAK4,United States,135000,136,136,USD,ISHHYXF,3/15/2021,
12/30/2021,ACADIA HEALTHCARE CO INC   144A,ACHC,US00404AAN90,00404AAN9,United States,115000,124,124,USD,ISHHYXF,6/24/2020,
12/30/2021,ACADIA HEALTHCARE CO INC   144A,ACHC,US00404AAP49,00404AAP4,United States,120000,125,125,USD,ISHHYXF,10/14/2020,
12/30/2021,ACI WORLDWIDE INC          144A,ACIW,US004498AB73,,United States,115000,123,123,USD,ISHHYXF,8/21/2018,
12/30/2021,AECOM,ACM,US00774CAB37,00774CAB3,United States,245000,271,271,USD,ISHHYXF,6/26/2017,
12/30/2021,ADAPTHEALTH LLC            144A,ADAHEA,US00653VAC54,00653VAC5,United States,150000,153,153,USD,ISHHYXF,1/4/2021,
12/30/2021,ADAPTHEALTH LLC            144A,ADAHEA,US00653VAE11,00653VAE1,United States,145000,151,151,USD,ISHHYXF,8/19/2021,
12/30/2021,WMG ACQUISITION CORP       144A,WMG,US92933BAT17,92933BAT1,United States,125000,125,125,USD,ISHHYXF,11/24/2021,
12/30/2021,WMG ACQUISITION CORP       144A,WMG,US92933BAQ77,,United States,135000,140,140,USD,ISHHYXF,6/29/2020,
12/30/2021,WMG ACQUISITION CORP       144A,WMG,US92933BAR50,92933BAR5,United States,225000,219,219,USD,ISHHYXF,8/12/2020,
12/30/2021,STEVENS HOLDING COMPANY INC 144A,AIMC,US86024TAA51,86024TAA5,United States,125000,136,136,USD,ISHHYXF,10/1/2018,
12/30/2021,AMC ENTERTAINMENT HOLDINGS INC 144A,AMC,US00165CAN48,,United States,125000,137,137,USD,ISHHYXF,4/24/2020,
12/30/2021,AMKOR TECHNOLOGY INC       144A,AMKR,US031652BK50,031652BK5,United States,125000,135,135,USD,ISHHYXF,3/15/2019,
12/30/2021,AMN HEALTHCARE INC         144A,AMN,US00175PAB94,00175PAB9,United States,125000,131,131,USD,ISHHYXF,10/1/2019,
12/30/2021,ADT CORP,ADT,US00101JAH95,00101JAH9,United States,145000,151,151,USD,ISHHYXF,5/17/2013,
12/30/2021,PRIME SECURITY SERVICES BORROWER L 144A,PRSESE,US74166MAB28,74166MAB2,United States,170000,184,184,USD,ISHHYXF,4/4/2019,
12/30/2021,PRIME SECURITY SERVICES BORROWER L 144A,PRSESE,US74166MAC01,74166MAC0,United States,350000,381,381,USD,ISHHYXF,4/4/2019,
12/30/2021,PRIME SECURITY SERVICES BORROWER L 144A,PRSESE,US74166MAF32,74166MAF3,United States,240000,232,232,USD,ISHHYXF,8/20/2020,
12/30/2021,PRIME SECURITY SERVICES BORROWER L 144A,PRSESE,US74166MAE66,,United States,360000,387,387,USD,ISHHYXF,1/28/2020,
12/30/2021,ADT SECURITY CORP          144A,ADT,US00109LAA17,00109LAA1,United States,260000,262,262,USD,ISHHYXF,7/29/2021,
12/30/2021,ADT CORP   144A,ADT,US74166NAA28,,United States,190000,198,198,USD,ISHHYXF,5/2/2016,
12/30/2021,APX GROUP INC              144A,VVNT,US00213MAV63,00213MAV6,United States,150000,163,163,USD,ISHHYXF,2/14/2020,
12/30/2021,APX GROUP INC              144A,VVNT,US00213MAW47,00213MAW4,United States,215000,219,219,USD,ISHHYXF,7/9/2021,
12/30/2021,ASGN INC   144A,ASGN,US00191UAA07,00191UAA0,United States,125000,130,130,USD,ISHHYXF,11/22/2019,
12/30/2021,ATKORE INC 144A,ATKR,US047649AA63,047649AA6,United States,110000,113,113,USD,ISHHYXF,5/26/2021,
12/30/2021,AVIENT CORP,AVNT,US73179PAK21,,United States,150000,160,160,USD,ISHHYXF,10/10/2013,
12/30/2021,AVIENT CORP                144A,AVNT,US73179PAM86,73179PAM8,United States,165000,173,173,USD,ISHHYXF,5/13/2020,
12/30/2021,AVANTOR FUNDING INC        144A,AVTR,US05352TAA79,05352TAA7,United States,430000,460,460,USD,ISHHYXF,7/17/2020,
12/30/2021,AVANTOR FUNDING INC        144A,AVTR,US05352TAB52,05352TAB5,United States,195000,198,198,USD,ISHHYXF,10/26/2021,
12/30/2021,AVAYA INC. 144A,AVYA,US053499AL36,053499AL3,United States,265000,287,287,USD,ISHHYXF,9/25/2020,
12/30/2021,AMERICAN AXLE AND MANUFACTURING IN,AXL,US02406PAY60,02406PAY6,United States,90000,94,94,USD,ISHHYXF,3/26/2018,
12/30/2021,AMERICAN AXLE AND MANUFACTURING IN,AXL,US02406PAU49,02406PAU4,United States,145000,153,153,USD,ISHHYXF,2/1/2018,
12/30/2021,AMERICAN AXLE & MANUFACTURING INC,AXL,US02406PBA75,02406PBA7,United States,90000,100,100,USD,ISHHYXF,6/12/2020,
12/30/2021,AMERICAN AXLE & MANUFACTURING INC,AXL,US02406PBB58,,United States,150000,150,150,USD,ISHHYXF,8/19/2021,
12/30/2021,AXALTA COATING SYSTEMS LLC 144A,AXTA,US05454NAA72,05454NAA7,United States,200000,209,209,USD,ISHHYXF,6/15/2020,
12/30/2021,AXALTA COATING SYSTEMS LLC 144A,AXTA,US05453GAC96,05453GAC9,United States,200000,196,196,USD,ISHHYXF,11/24/2020,
12/30/2021,BOOZ ALLEN HAMILTON INC    144A,BAH,US09951LAA17,09951LAA1,United States,175000,180,180,USD,ISHHYXF,8/24/2020,
12/30/2021,BOOZ ALLEN HAMILTON INC    144A,BAH,US09951LAB99,09951LAB9,United States,145000,154,154,USD,ISHHYXF,6/17/2021,
12/30/2021,HILL-ROM HOLDINGS INC      144A,HRC,US431475AD40,,United States,105000,111,111,USD,ISHHYXF,9/19/2019,
12/30/2021,BED BATH & BEYOND INC,BBBY,US075896AC47,075896AC4,United States,175000,150,150,USD,ISHHYXF,7/17/2014,
12/30/2021,BOISE CASCADE CO           144A,BCC,US09739DAD21,,United States,85000,92,92,USD,ISHHYXF,7/27/2020,
12/30/2021,BRINKS CO  144A,BCO,US109696AB05,,United States,95000,102,102,USD,ISHHYXF,6/22/2020,
12/30/2021,BRINKS CO  144A,BCO,US109696AA22,109696AA2,United States,165000,173,173,USD,ISHHYXF,10/20/2017,
12/30/2021,SURGERY CENTER HOLDINGS INC 144A,SURCEN,US86881WAD48,86881WAD4,United States,125000,136,136,USD,ISHHYXF,4/11/2019,
12/30/2021,BERRY PLASTICS ESCROW CORP 144A,BERY,US085770AB14,085770AB1,United States,100000,107,107,USD,ISHHYXF,6/5/2019,
12/30/2021,B&G FOODS INC,BGS,US05508RAE62,05508RAE6,United States,210000,217,217,USD,ISHHYXF,4/3/2017,
12/30/2021,B&G FOODS INC,BGS,US05508WAB19,05508WAB1,United States,159000,168,168,USD,ISHHYXF,9/26/2019,
12/30/2021,SOTHEBYS   144A,BID,US835898AH05,,United States,175000,187,187,USD,ISHHYXF,2/19/2020,
12/30/2021,BLACK KNIGHT INFOSERV LLC  144A,BKFS,US092174AA96,,United States,265000,268,268,USD,ISHHYXF,8/26/2020,
12/30/2021,TOPBUILD CORP              144A,BLD,US89055FAB94,89055FAB9,United States,140000,143,143,USD,ISHHYXF,3/15/2021,
12/30/2021,TOPBUILD CORP              144A,BLD,US89055FAC77,89055FAC7,United States,115000,119,119,USD,ISHHYXF,10/14/2021,
12/30/2021,BUILDERS FIRSTSOURCE INC   144A,BLDR,US12008RAM97,12008RAM9,United States,132000,140,140,USD,ISHHYXF,5/30/2019,
12/30/2021,BUILDERS FIRSTSOURCE INC   144A,BLDR,US12008RAN70,12008RAN7,United States,140000,152,152,USD,ISHHYXF,2/11/2020,
12/30/2021,BUILDERS FIRSTSOURCE INC   144A,BLDR,US12008RAP29,12008RAP2,United States,250000,265,265,USD,ISHHYXF,7/23/2021,
12/30/2021,BALL CORP,BLL,US058498AS54,058498AS5,United States,220000,231,231,USD,ISHHYXF,5/16/2013,
12/30/2021,BALL CORP,BLL,US058498AT38,058498AT3,United States,310000,350,350,USD,ISHHYXF,6/25/2015,
12/30/2021,BALL CORPORATION,BLL,US058498AV83,058498AV8,United States,185000,206,206,USD,ISHHYXF,3/9/2018,
12/30/2021,BALL CORPORATION,BLL,US058498AW66,058498AW6,United States,360000,354,354,USD,ISHHYXF,8/13/2020,
12/30/2021,BALL CORPORATION,BLL,US058498AX40,058498AX4,United States,205000,205,205,USD,ISHHYXF,9/14/2021,
12/30/2021,GATES GLOBAL LLC           144A,GATGLO,US36740LAA08,36740LAA0,United States,125000,133,133,USD,ISHHYXF,11/22/2019,
12/30/2021,CABLE ONE INC              144A,CABO,US12685JAC99,12685JAC9,United States,175000,174,174,USD,ISHHYXF,11/9/2020,
12/30/2021,NEWMARK GROUP INC,NMRK,US65158NAB82,65158NAB8,United States,155000,167,167,USD,ISHHYXF,3/11/2019,
12/30/2021,AVIS BUDGET CAR RENTAL LLC 144A,CAR,US053773BC09,,United States,135000,144,144,USD,ISHHYXF,7/3/2019,
12/30/2021,AVIS BUDGET CAR RENTAL LLC 144A,CAR,US053773BG13,053773BG1,United States,145000,151,151,USD,ISHHYXF,3/23/2021,
12/30/2021,AVIS BUDGET CAR RENTAL LLC 144A,CAR,US053773BF30,053773BF3,United States,155000,166,166,USD,ISHHYXF,3/1/2021,
12/30/2021,CARSCOM INC                144A,CARS,US14575EAA38,14575EAA3,United States,100000,108,108,USD,ISHHYXF,10/30/2020,
12/30/2021,CLEAR CHANNEL OUTDOOR HOLDINGS INC 144A,CCO,US18453HAA41,18453HAA4,United States,300000,315,315,USD,ISHHYXF,8/23/2019,
12/30/2021,CLEAR CHANNEL OUTDOOR HOLDINGS INC 144A,CCO,US18453HAC07,18453HAC0,United States,255000,279,279,USD,ISHHYXF,2/17/2021,
12/30/2021,CLEAR CHANNEL OUTDOOR HOLDINGS INC 144A,CCO,US18453HAD89,18453HAD8,United States,275000,295,295,USD,ISHHYXF,6/1/2021,
12/30/2021,COGENT COMMUNICATIONS GROUP INC 144A,CCOI,US19240CAC73,19240CAC7,United States,140000,144,144,USD,ISHHYXF,5/7/2021,
12/30/2021,CENTURY COMMUNITIES INC,CCS,US156504AL63,156504AL6,United States,110000,117,117,USD,ISHHYXF,2/14/2020,
12/30/2021,CENTURY COMMUNITIES INC    144A,CCS,US156504AM47,156504AM4,United States,135000,138,138,USD,ISHHYXF,8/23/2021,
12/30/2021,CONSENSUS CLOUD SOLUTIONS INC 144A,CCSI,US20848VAB18,20848VAB1,United States,125000,133,133,USD,ISHHYXF,10/7/2021,
12/30/2021,CDK GLOBAL INC,CDK,US12508EAD31,,United States,70000,77,77,USD,ISHHYXF,6/18/2015,
12/30/2021,CDK GLOBAL INC,CDK,US12508EAF88,12508EAF8,United States,220000,230,230,USD,ISHHYXF,4/16/2018,
12/30/2021,CDK GLOBAL INC             144A,CDK,US12508EAJ01,12508EAJ0,United States,120000,129,129,USD,ISHHYXF,5/15/2019,
12/30/2021,CENTRAL GARDEN & PET COMPANY,CENT,US153527AN61,153527AN6,United States,150000,153,153,USD,ISHHYXF,10/16/2020,
12/30/2021,CENTRAL GARDEN & PET COMPANY 144A,CENT,US153527AP10,,United States,105000,106,106,USD,ISHHYXF,4/30/2021,
12/30/2021,MPH ACQUISITION HOLDINGS LLC 144A,MLTPLN,US553283AD43,553283AD4,United States,260000,268,268,USD,ISHHYXF,8/24/2021,
12/30/2021,MPH ACQUISITION HOLDINGS LLC 144A,MLTPLN,US553283AC69,553283AC6,United States,360000,344,344,USD,ISHHYXF,10/29/2020,
12/30/2021,CLEVELAND-CLIFFS INC       144A,CLF,US185899AJ02,185899AJ0,United States,123000,141,141,USD,ISHHYXF,4/17/2020,
12/30/2021,CLEVELAND-CLIFFS INC       144A,CLF,US185899AG62,,United States,215000,232,232,USD,ISHHYXF,3/13/2020,
12/30/2021,CLEVELAND-CLIFFS INC,CLF,US185899AH46,185899AH4,United States,125000,131,131,USD,ISHHYXF,4/24/2020,
12/30/2021,CLEVELAND-CLIFFS INC       144A,CLF,US185899AK74,185899AK7,United States,145000,152,152,USD,ISHHYXF,2/17/2021,
12/30/2021,CLEVELAND-CLIFFS INC       144A,CLF,US185899AL57,185899AL5,United States,140000,148,148,USD,ISHHYXF,2/17/2021,
12/30/2021,CLEAN HARBORS INC          144A,CLH,US184496AN71,184496AN7,United States,125000,132,132,USD,ISHHYXF,7/2/2019,
12/30/2021,CLARIVATE SCIENCE HOLDINGS CORP 144A,CLVTSC,US18064PAC32,,United States,245000,247,247,USD,ISHHYXF,8/19/2021,
12/30/2021,CLARIVATE SCIENCE HOLDINGS CORP 144A,CLVTSC,US18064PAD15,,United States,235000,239,239,USD,ISHHYXF,8/19/2021,
12/30/2021,COMPASS MINERALS INTERNATIONAL INC 144A,CMP,US20451NAG60,20451NAG6,United States,115000,123,123,USD,ISHHYXF,11/26/2019,
12/30/2021,CINEMARK USA INC           144A,CNK,US172441BD81,172441BD8,United States,90000,93,93,USD,ISHHYXF,3/16/2021,
12/30/2021,CINEMARK USA INC           144A,CNK,US172441BF30,172441BF3,United States,200000,201,201,USD,ISHHYXF,6/15/2021,
12/30/2021,CORNERSTONE BUILDING BRANDS INC 144A,CNR,US21925DAA72,21925DAA7,United States,125000,138,138,USD,ISHHYXF,9/24/2020,
12/30/2021,CONSOLIDATED COMMUNICATIONS INC 144A,CNSL,US20903XAH61,20903XAH6,United States,95000,98,98,USD,ISHHYXF,3/18/2021,
12/30/2021,CONSOLIDATED COMMUNICATIONS INC 144A,CNSL,US20903XAF06,20903XAF0,United States,195000,210,210,USD,ISHHYXF,10/2/2020,
12/30/2021,COMMSCOPE TECHNOLOGIES LLC 144A,COMM,US20337YAA55,,United States,296000,297,297,USD,ISHHYXF,6/11/2015,
12/30/2021,COMMSCOPE INC              144A,COMM,US20338QAD51,20338QAD5,United States,435000,459,459,USD,ISHHYXF,2/19/2019,
12/30/2021,COMMSCOPE INC              144A,COMM,US20338QAA13,20338QAA1,United States,265000,280,280,USD,ISHHYXF,2/19/2019,
12/30/2021,COMMSCOPE TECHNOLOGIES LLC 144A,COMM,US20338HAB96,20338HAB9,United States,195000,187,187,USD,ISHHYXF,3/13/2017,
12/30/2021,COMMSCOPE INC              144A,COMM,US203372AV94,203372AV9,United States,175000,180,180,USD,ISHHYXF,7/1/2020,
12/30/2021,COMMSCOPE INC              144A,COMM,US203372AX50,203372AX5,United States,345000,349,349,USD,ISHHYXF,8/23/2021,
12/30/2021,COVANTA HOLDING CORP,CVA,US22282EAH53,,United States,80000,85,85,USD,ISHHYXF,10/18/2018,
12/30/2021,COVANTA HOLDING CORP,CVA,US22282EAJ10,22282EAJ1,United States,125000,130,130,USD,ISHHYXF,8/25/2020,
12/30/2021,ADVANTAGE SALES & MARKETING INC 144A,ADVSAL,US00775PAA57,,United States,205000,217,217,USD,ISHHYXF,10/28/2020,
12/30/2021,COOPER-STANDARD AUTOMOTIVE INC 144A,CPS,US216762AF11,216762AF1,United States,90000,74,74,USD,ISHHYXF,11/2/2016,
12/30/2021,WILLIAM CARTER COMPANY (THE) 144A,CRI,US96926JAE73,,United States,115000,121,121,USD,ISHHYXF,5/11/2020,
12/30/2021,WILLIAM CARTER COMPANY (THE) 144A,CRI,US96926JAC18,96926JAC1,United States,100000,105,105,USD,ISHHYXF,3/14/2019,
12/30/2021,CHARLES RIVER LABORATORIES INTERNA 144A,CRL,US159864AE78,159864AE7,United States,110000,115,115,USD,ISHHYXF,10/23/2019,
12/30/2021,CHARLES RIVER LABORATORIES INTERNA 144A,CRL,US159864AG27,159864AG2,United States,150000,154,154,USD,ISHHYXF,3/23/2021,
12/30/2021,CHARLES RIVER LABORATORIES INTERNA 144A,CRL,US159864AJ65,,United States,125000,130,130,USD,ISHHYXF,3/23/2021,
12/30/2021,FLEX ACQUISITION COMPANY INC 144A,FLXACQ,US33936YAA38,33936YAA3,United States,150000,155,155,USD,ISHHYXF,1/17/2017,
12/30/2021,FLEX ACQUISITION COMPANY INC 144A,FLXACQ,US33936YAC93,,United States,90000,97,97,USD,ISHHYXF,6/29/2018,
12/30/2021,ORTHO-CLINICAL DIAGNOSTICS INC 144A,ORTCLI,US68752DAA63,,United States,130000,144,144,USD,ISHHYXF,1/27/2020,
12/30/2021,CROWDSTRIKE HOLDINGS INC,CRWD,US22788CAA36,22788CAA3,United States,175000,176,176,USD,ISHHYXF,1/20/2021,
12/30/2021,CARRIAGE SERVICES INC      144A,CSV,US143905AP21,143905AP2,United States,100000,101,101,USD,ISHHYXF,5/13/2021,
12/30/2021,180 MEDICAL INC            144A,CTECLN,US682357AA69,682357AA6,United Kingdom,110000,112,112,USD,ISHHYXF,10/7/2021,
12/30/2021,CATALENT PHARMA SOLUTIONS INC 144A,CTLT,US14879EAE86,14879EAE8,United States,125000,133,133,USD,ISHHYXF,6/27/2019,
12/30/2021,CATALENT PHARMA SOLUTIONS INC 144A,CTLT,US14879EAH18,,United States,130000,129,129,USD,ISHHYXF,2/22/2021,
12/30/2021,CATALENT PHARMA SOLUTIONS INC 144A,CTLT,US14879EAK47,14879EAK4,United States,180000,180,180,USD,ISHHYXF,9/29/2021,
12/30/2021,CUSHMAN & WAKEFIELD US BORROWER LL 144A,CWK,US23166MAA18,,United States,175000,190,190,USD,ISHHYXF,5/22/2020,
12/30/2021,DAVE & BUSTERS INC         144A,PLAY,US23833NAH70,23833NAH7,United States,104000,112,112,USD,ISHHYXF,10/27/2020,
12/30/2021,DANA INC,DAN,US235825AF32,235825AF3,United States,85000,90,90,USD,ISHHYXF,11/20/2019,
12/30/2021,DANA INC,DAN,US235825AG15,235825AG1,United States,140000,149,149,USD,ISHHYXF,6/19/2020,
12/30/2021,DANA INC,DAN,US235825AH97,235825AH9,United States,95000,98,98,USD,ISHHYXF,5/13/2021,
12/30/2021,DARLING INGREDIENTS INC    144A,DAR,US237266AH40,237266AH4,United States,125000,130,130,USD,ISHHYXF,4/3/2019,
12/30/2021,DIEBOLD INC,DBD,US253651AC78,253651AC7,United States,115000,117,117,USD,ISHHYXF,11/17/2016,
12/30/2021,DIEBOLD NIXDORF INC        144A,DBD,US253657AA82,253657AA8,United States,185000,207,207,USD,ISHHYXF,7/20/2020,
12/30/2021,DELUXE CORP                144A,DLX,US248019AU57,248019AU5,United States,130000,137,137,USD,ISHHYXF,6/1/2021,
12/30/2021,DAVITA INC 144A,DVA,US23918KAS78,23918KAS7,United States,720000,743,743,USD,ISHHYXF,6/9/2020,
12/30/2021,DAVITA INC 144A,DVA,US23918KAT51,23918KAT5,United States,385000,380,380,USD,ISHHYXF,8/11/2020,
12/30/2021,DYCOM INDUSTRIES INC       144A,DY,US267475AD30,267475AD3,United States,140000,144,144,USD,ISHHYXF,4/1/2021,
12/30/2021,EMERGENT BIOSOLUTIONS INC  144A,EBS,US29089QAC96,29089QAC9,United States,100000,97,97,USD,ISHHYXF,8/7/2020,
12/30/2021,ENCOMPASS HEALTH CORP,EHC,US29261AAA88,29261AAA8,United States,190000,199,199,USD,ISHHYXF,9/18/2019,
12/30/2021,ENCOMPASS HEALTH CORP,EHC,US29261AAB61,29261AAB6,United States,185000,195,195,USD,ISHHYXF,9/18/2019,
12/30/2021,ENCOMPASS HEALTH CORP,EHC,US29261AAE01,,United States,85000,88,88,USD,ISHHYXF,10/5/2020,
12/30/2021,ELANCO ANIMAL HEALTH INC,ELAN,US28414HAE36,28414HAE3,United States,210000,227,227,USD,ISHHYXF,6/26/2019,
12/30/2021,ELANCO ANIMAL HEALTH INC,ELAN,US28414HAG83,28414HAG8,United States,195000,231,231,USD,ISHHYXF,6/26/2019,
12/30/2021,ENERGIZER HOLDINGS INC     144A,ENR,US29272WAC38,,United States,140000,143,143,USD,ISHHYXF,7/1/2020,
12/30/2021,ENERGIZER HOLDINGS INC     144A,ENR,US29272WAD11,,United States,225000,223,223,USD,ISHHYXF,9/30/2020,
12/30/2021,ENTEGRIS INC               144A,ENTG,US29362UAC80,29362UAC8,United States,80000,83,83,USD,ISHHYXF,4/30/2020,
12/30/2021,ENTEGRIS INC               144A,ENTG,US29362UAD63,,United States,125000,127,127,USD,ISHHYXF,4/30/2021,
12/30/2021,EDGEWELL PERSONAL CARE CO  144A,EPC,US28035QAA04,28035QAA0,United States,185000,197,197,USD,ISHHYXF,5/22/2020,
12/30/2021,EDGEWELL PERSONAL CARE CO  144A,EPC,US28035QAB86,28035QAB8,United States,120000,122,122,USD,ISHHYXF,3/8/2021,
12/30/2021,ELEMENT SOLUTIONS INC      144A,ESI,US28618MAA45,28618MAA4,United States,225000,231,231,USD,ISHHYXF,8/18/2020,
12/30/2021,FAIR ISAAC CORP            144A,FAIRIC,US303250AE41,303250AE4,United States,100000,111,111,USD,ISHHYXF,5/8/2018,
12/30/2021,FAIR ISAAC CORP            144A,FAIRIC,US303250AF16,303250AF1,United States,255000,263,263,USD,ISHHYXF,12/6/2019,
12/30/2021,FOOT LOCKER INC            144A,FL,US344849AA21,344849AA2,United States,100000,101,101,USD,ISHHYXF,10/5/2021,
12/30/2021,ZAYO GROUP HOLDINGS INC    144A,ZAYO,US98919VAA35,98919VAA3,United States,385000,386,386,USD,ISHHYXF,3/9/2020,
12/30/2021,ZAYO GROUP HOLDINGS INC    144A,ZAYO,US98919VAB18,,United States,250000,252,252,USD,ISHHYXF,3/9/2020,
12/30/2021,CEDAR FAIR LP              144A,FUN,US150190AF30,,United States,240000,252,252,USD,ISHHYXF,4/27/2020,
12/30/2021,CEDAR FAIR LP,FUN,US150190AB26,150190AB2,United States,145000,150,150,USD,ISHHYXF,6/22/2018,
12/30/2021,CEDAR FAIR LP,FUN,US150190AE64,150190AE6,United States,139000,147,147,USD,ISHHYXF,7/6/2020,
12/30/2021,GANNETT HOLDINGS LLC       144A,GCI,US36474GAA31,36474GAA3,United States,100000,104,104,USD,ISHHYXF,10/15/2021,
12/30/2021,Grand Canyon University,GCUNIV,US38528UAC09,,United States,35000,36,36,USD,ISHHYXF,12/9/2021,
12/30/2021,GO DADDY OPERATING COMPANY LLC 144A,GDDY,US38016LAA35,38016LAA3,United States,150000,156,156,USD,ISHHYXF,6/4/2019,
12/30/2021,GO DADDY OPERATING COMPANY LLC 144A,GDDY,US38016LAC90,38016LAC9,United States,200000,200,200,USD,ISHHYXF,2/25/2021,
12/30/2021,GREIF INC  144A,GEF,US397624AH07,397624AH0,United States,125000,132,132,USD,ISHHYXF,2/11/2019,
12/30/2021,GRIFFON CORPORATION,GFF,US398433AP71,398433AP7,United States,260000,275,275,USD,ISHHYXF,4/21/2020,
12/30/2021,GRAHAM HOLDINGS CO         144A,GHC,US384637AA23,,United States,100000,105,105,USD,ISHHYXF,5/30/2018,
12/30/2021,GLATFELTER CORP            144A,GLT,US377320AA45,377320AA4,United States,135000,141,141,USD,ISHHYXF,10/25/2021,
12/30/2021,GROUP 1 AUTOMOTIVE INC     144A,GPI,US398905AN98,398905AN9,United States,175000,178,178,USD,ISHHYXF,8/17/2020,
12/30/2021,GRAPHIC PACKAGING INTERNATIONAL LL 144A,GPK,US38869AAB35,,United States,130000,132,132,USD,ISHHYXF,3/6/2020,
12/30/2021,GRAPHIC PACKAGING INTERNATIONAL LL 144A,GPK,US38869AAD90,38869AAD9,United States,105000,107,107,USD,ISHHYXF,11/19/2021,
12/30/2021,GAP INC    144A,GPS,US364760AP35,364760AP3,United States,190000,190,190,USD,ISHHYXF,9/27/2021,
12/30/2021,GAP INC    144A,GPS,US364760AQ18,364760AQ1,United States,195000,195,195,USD,ISHHYXF,9/27/2021,
12/30/2021,VERTIV GROUP CORP          144A,VRT,US92535UAB08,92535UAB0,United States,200000,203,203,USD,ISHHYXF,10/22/2021,
12/30/2021,GRAY TELEVISION INC        144A,GTN,US389375AJ52,,United States,95000,101,101,USD,ISHHYXF,6/14/2016,
12/30/2021,GRAY ESCROW INC            144A,GTN,US389284AA85,,United States,175000,189,189,USD,ISHHYXF,11/16/2018,
12/30/2021,GRAY TELEVISION INC        144A,GTN,US389375AL09,389375AL0,United States,210000,211,211,USD,ISHHYXF,10/19/2020,
12/30/2021,GRAY ESCROW II INC         144A,GTN,US389286AA34,389286AA3,United States,335000,347,347,USD,ISHHYXF,11/9/2021,
12/30/2021,HANESBRANDS INC            144A,HBI,US410345AJ12,410345AJ1,United States,245000,257,257,USD,ISHHYXF,5/6/2016,
12/30/2021,HANESBRANDS INC            144A,HBI,US410345AL67,410345AL6,United States,220000,238,238,USD,ISHHYXF,5/6/2016,
12/30/2021,HCA INC,HCA,US404121AG00,,United States,250000,267,267,USD,ISHHYXF,10/23/2012,
12/30/2021,HCA INC,HCA,US404119BR91,404119BR9,United States,610000,684,684,USD,ISHHYXF,1/16/2015,
12/30/2021,HCA INC,HCA,US404119BS74,,United States,395000,454,454,USD,ISHHYXF,11/13/2015,
12/30/2021,HCA INC,HCA,US404121AH82,404121AH8,United States,217000,249,249,USD,ISHHYXF,8/23/2018,
12/30/2021,HCA INC,HCA,US404121AJ49,404121AJ4,United States,310000,368,368,USD,ISHHYXF,8/23/2018,
12/30/2021,HCA INC,HCA,US404119BW86,404119BW8,United States,225000,274,274,USD,ISHHYXF,1/30/2019,
12/30/2021,HCA INC,HCA,US404119CA57,404119CA5,United States,595000,634,634,USD,ISHHYXF,2/26/2020,
12/30/2021,H&E EQUIPMENT SERVICES INC 144A,HEES,US404030AJ72,404030AJ7,United States,335000,334,334,USD,ISHHYXF,12/14/2020,
12/30/2021,HILLENBRAND INC,HI,US431571AD01,431571AD0,United States,130000,137,137,USD,ISHHYXF,6/16/2020,
12/30/2021,HECLA MINING COMPANY,HL,US422704AH97,422704AH9,United States,115000,126,126,USD,ISHHYXF,2/19/2020,
12/30/2021,HLF FINANCING SARL LLC     144A,HLF,US40390DAC92,40390DAC9,United States,135000,132,132,USD,ISHHYXF,5/20/2021,
12/30/2021,HILTON DOMESTIC OPERATING COMPANY 144A,HLT,US432833AG67,432833AG6,United States,105000,110,110,USD,ISHHYXF,4/21/2020,
12/30/2021,HILTON DOMESTIC OPERATING COMPANY,HLT,US432891AK52,432891AK5,United States,155000,162,162,USD,ISHHYXF,8/7/2017,
12/30/2021,HILTON DOMESTIC OPERATING COMPANY 144A,HLT,US432833AH41,432833AH4,United States,145000,156,156,USD,ISHHYXF,4/21/2020,
12/30/2021,HILTON DOMESTIC OPERATING COMPANY 144A,HLT,US432833AJ07,432833AJ0,United States,220000,223,223,USD,ISHHYXF,12/1/2020,
12/30/2021,HILTON DOMESTIC OPERATING COMPANY,HLT,US432833AF84,432833AF8,United States,240000,263,263,USD,ISHHYXF,11/8/2019,
12/30/2021,HILTON DOMESTIC OPERATING COMPANY 144A,HLT,US432833AL52,432833AL5,United States,295000,302,302,USD,ISHHYXF,12/1/2020,
12/30/2021,HILTON DOMESTIC OPERATING COMPANY 144A,HLT,US432833AN19,,United States,390000,394,394,USD,ISHHYXF,2/2/2021,
12/30/2021,HOLOGIC INC                144A,HOLX,US436440AM32,436440AM3,United States,90000,96,96,USD,ISHHYXF,1/19/2018,
12/30/2021,HOLOGIC INC                144A,HOLX,US436440AP62,436440AP6,United States,225000,229,229,USD,ISHHYXF,9/28/2020,
12/30/2021,HEALTHEQUITY INC           144A,HQY,US42226AAA51,42226AAA5,United States,140000,140,140,USD,ISHHYXF,10/8/2021,
12/30/2021,HERC HOLDINGS INC          144A,HRI,US42704LAA26,42704LAA2,United States,310000,331,331,USD,ISHHYXF,7/9/2019,
12/30/2021,HERTZ CORPORATION (THE)    144A,HTZ,US428040DA42,428040DA4,United States,125000,127,127,USD,ISHHYXF,11/23/2021,
12/30/2021,HERTZ CORPORATION (THE)    144A,HTZ,US428040DB25,428040DB2,United States,225000,227,227,USD,ISHHYXF,11/23/2021,
12/30/2021,HOWMET AEROSPACE INC,HWM,US013817AW16,,United States,245000,268,268,USD,ISHHYXF,9/22/2014,
12/30/2021,HOWMET AEROSPACE INC,HWM,US443201AA64,443201AA6,United States,230000,267,267,USD,ISHHYXF,4/24/2020,
12/30/2021,HOWMET AEROSPACE INC,HWM,US013817AJ05,,United States,115000,134,134,USD,ISHHYXF,1/25/2007,
12/30/2021,HOWMET AEROSPACE INC,HWM,US443201AB48,443201AB4,United States,210000,212,212,USD,ISHHYXF,9/1/2021,
12/30/2021,HOWMET AEROSPACE INC,HWM,US013817AK77,,United States,150000,182,182,USD,ISHHYXF,1/25/2007,
12/30/2021,HEXCEL CORPORATION,HXL,US428291AN87,,United States,100000,108,108,USD,ISHHYXF,2/16/2017,
12/30/2021,HORIZON PHARMA USA INC     144A,HZNP,US44055PAA49,44055PAA4,United States,200000,215,215,USD,ISHHYXF,7/16/2019,
12/30/2021,IAA SPINCO INC             144A,IAA,US449253AB91,449253AB9,United States,100000,104,104,USD,ISHHYXF,6/6/2019,
12/30/2021,INDIGO MERGER SUB INC      144A,ICLR,US45569KAA16,45569KAA1,Ireland,200000,204,204,USD,ISHHYXF,7/1/2021,
12/30/2021,IHEARTCOMMUNICATIONS INC,IHRT,US45174HBC07,45174HBC0,United States,155000,166,166,USD,ISHHYXF,5/1/2019,
12/30/2021,IHEARTCOMMUNICATIONS INC,IHRT,US45174HBD89,45174HBD8,United States,335000,358,358,USD,ISHHYXF,5/1/2019,
12/30/2021,IHEARTCOMMUNICATIONS INC   144A,IHRT,US45174HBE62,,United States,180000,191,191,USD,ISHHYXF,8/7/2019,
12/30/2021,IHEARTCOMMUNICATIONS INC   144A,IHRT,US45174HBG11,45174HBG1,United States,155000,160,160,USD,ISHHYXF,11/22/2019,
12/30/2021,II-VI INCORPORATED         144A,IIVI,US902104AC24,902104AC2,United States,255000,263,263,USD,ISHHYXF,12/10/2021,
12/30/2021,IRON MOUNTAIN INC          144A,IRM,US46284VAC54,46284VAC5,United States,265000,279,279,USD,ISHHYXF,9/18/2017,
12/30/2021,IRON MOUNTAIN INC          144A,IRM,US46284VAE11,46284VAE1,United States,230000,244,244,USD,ISHHYXF,12/27/2017,
12/30/2021,IRON MOUNTAIN INC          144A,IRM,US46284VAG68,46284VAG6,United States,120000,127,127,USD,ISHHYXF,6/22/2020,
12/30/2021,IRON MOUNTAIN INC          144A,IRM,US46284VAF85,46284VAF8,United States,260000,273,273,USD,ISHHYXF,9/9/2019,
12/30/2021,IRON MOUNTAIN INC          144A,IRM,US46284VAJ08,46284VAJ0,United States,360000,385,385,USD,ISHHYXF,6/22/2020,
12/30/2021,IRON MOUNTAIN INC          144A,IRM,US46284VAN10,46284VAN1,United States,290000,298,298,USD,ISHHYXF,8/18/2020,
12/30/2021,IRON MOUNTAIN INC          144A,IRM,US46284VAL53,,United States,140000,154,154,USD,ISHHYXF,6/22/2020,
12/30/2021,GARTNER INC                144A,IT,US366651AC11,366651AC1,United States,210000,224,224,USD,ISHHYXF,6/22/2020,
12/30/2021,GARTNER INC                144A,IT,US366651AG25,366651AG2,United States,135000,137,137,USD,ISHHYXF,6/18/2021,
12/30/2021,GARTNER INC                144A,IT,US366651AE76,366651AE7,United States,210000,216,216,USD,ISHHYXF,9/28/2020,
12/30/2021,JELD-WEN INC               144A,JELD,US475795AC41,,United States,75000,76,76,USD,ISHHYXF,12/14/2017,
12/30/2021,JELD-WEN INC               144A,JELD,US475795AD24,,United States,115000,118,118,USD,ISHHYXF,12/14/2017,
12/30/2021,NORDSTROM INC,JWN,US655664AT70,655664AT7,United States,100000,102,102,USD,ISHHYXF,11/6/2019,
12/30/2021,NORDSTROM INC,JWN,US655664AY65,,United States,135000,135,135,USD,ISHHYXF,7/23/2021,
12/30/2021,NORDSTROM INC,JWN,US655664AR15,655664AR1,United States,250000,240,240,USD,ISHHYXF,6/6/2014,
12/30/2021,KAISER ALUMINUM CORPORATION 144A,KALU,US483007AJ91,,United States,115000,118,118,USD,ISHHYXF,11/26/2019,
12/30/2021,KAISER ALUMINUM CORPORATION 144A,KALU,US483007AL48,483007AL4,United States,155000,153,153,USD,ISHHYXF,5/20/2021,
12/30/2021,KAR AUCTION SERVICES INC   144A,KAR,US48238TAA79,48238TAA7,United States,250000,254,254,USD,ISHHYXF,5/31/2017,
12/30/2021,KORN FERRY 144A,KFY,US50067PAA75,50067PAA7,United States,100000,103,103,USD,ISHHYXF,12/16/2019,
12/30/2021,KRAFT HEINZ FOODS CO,KHC,US50077LAD82,50077LAD8,United States,204000,214,214,USD,ISHHYXF,8/19/2016,
12/30/2021,KRAFT HEINZ FOODS CO,KHC,US50077LBC90,50077LBC9,United States,255000,277,277,USD,ISHHYXF,1/19/2021,
12/30/2021,KRAFT HEINZ FOODS CO,KHC,US50077LAT35,50077LAT3,United States,47000,55,55,USD,ISHHYXF,6/15/2018,
12/30/2021,KRAFT HEINZ FOODS CO,KHC,US50077LAV80,50077LAV8,United States,85000,93,93,USD,ISHHYXF,1/19/2021,
12/30/2021,KRAFT HEINZ FOODS CO,KHC,US50077LBF22,50077LBF2,United States,131000,151,151,USD,ISHHYXF,1/19/2021,
12/30/2021,KRAFT HEINZ FOODS CO,KHC,US42307TAG31,,United States,50000,69,69,USD,ISHHYXF,3/21/2003,
12/30/2021,KRAFT HEINZ FOODS CO,KHC,US50077LAL09,,United States,76000,95,95,USD,ISHHYXF,8/19/2016,
12/30/2021,KRAFT HEINZ FOODS CO,KHC,US50076QAR74,50076QAR7,United States,125000,186,186,USD,ISHHYXF,1/14/2013,
12/30/2021,KRAFT HEINZ FOODS CO       144A,KHC,US42307TAH14,,United States,120000,185,185,USD,ISHHYXF,7/29/2009,
12/30/2021,KRAFT HEINZ FOODS CO,KHC,US50077LAX47,50077LAX4,United States,50000,59,59,USD,ISHHYXF,1/19/2021,
12/30/2021,KRAFT HEINZ FOODS CO,KHC,US50076QAE61,,United States,220000,272,272,USD,ISHHYXF,1/14/2013,
12/30/2021,KRAFT HEINZ FOODS CO,KHC,US50077LAM81,,United States,215000,278,278,USD,ISHHYXF,8/19/2016,
12/30/2021,KRAFT HEINZ FOODS CO,KHC,US50077LAB27,50077LAB2,United States,450000,527,527,USD,ISHHYXF,8/19/2016,
12/30/2021,KRAFT HEINZ FOODS CO,KHC,US50077LAZ94,50077LAZ9,United States,170000,215,215,USD,ISHHYXF,1/19/2021,
12/30/2021,KRAFT HEINZ FOODS CO,KHC,US50077LBJ44,50077LBJ4,United States,115000,156,156,USD,ISHHYXF,1/19/2021,
12/30/2021,KRATON POLYMERS LLC        144A,KRA,US50076XAC56,50076XAC5,United States,95000,98,98,USD,ISHHYXF,12/21/2020,
12/30/2021,LITHIA MOTORS INC          144A,LAD,US536797AE38,536797AE3,United States,90000,95,95,USD,ISHHYXF,12/9/2019,
12/30/2021,LITHIA MOTORS INC          144A,LAD,US536797AG85,536797AG8,United States,200000,205,205,USD,ISHHYXF,5/27/2021,
12/30/2021,LITHIA MOTORS INC          144A,LAD,US536797AF03,536797AF0,United States,135000,147,147,USD,ISHHYXF,10/9/2020,
12/30/2021,GCI LLC    144A,GCILLC,US36166TAB61,,United States,140000,145,145,USD,ISHHYXF,10/7/2020,
12/30/2021,LEVI STRAUSS & CO          144A,LEVI,US52736RBJ05,,United States,140000,144,144,USD,ISHHYXF,2/19/2021,
12/30/2021,LIONS GATE CAPITAL HOLDINGS LLC 144A,LGF,US53627NAE13,,United States,265000,273,273,USD,ISHHYXF,4/1/2021,
12/30/2021,SIRIUS XM RADIO INC        144A,SIRI,US82967NBL10,82967NBL1,United States,245000,248,248,USD,ISHHYXF,8/16/2021,
12/30/2021,SIRIUS XM RADIO INC        144A,SIRI,US82967NBA54,82967NBA5,United States,375000,397,397,USD,ISHHYXF,7/5/2017,
12/30/2021,SIRIUS XM RADIO INC        144A,SIRI,US82967NBJ63,,United States,510000,524,524,USD,ISHHYXF,6/21/2021,
12/30/2021,SIRIUS XM RADIO INC        144A,SIRI,US82967NBC11,82967NBC1,United States,335000,371,371,USD,ISHHYXF,6/7/2019,
12/30/2021,SIRIUS XM RADIO INC        144A,SIRI,US82967NBG25,82967NBG2,United States,405000,415,415,USD,ISHHYXF,6/11/2020,
12/30/2021,SIRIUS XM RADIO INC        144A,SIRI,US82967NBM92,82967NBM9,United States,380000,379,379,USD,ISHHYXF,8/16/2021,
12/30/2021,FORTERRA FINANCE LLC       144A,FRTA,US34962WAA27,34962WAA2,United States,115000,125,125,USD,ISHHYXF,7/16/2020,
12/30/2021,TRIPADVISOR INC            144A,TRIP,US896945AA07,,United States,110000,120,120,USD,ISHHYXF,7/9/2020,
12/30/2021,LAMB WESTON HOLDINGS INC   144A,LW,US513272AC82,513272AC8,United States,155000,169,169,USD,ISHHYXF,5/12/2020,
12/30/2021,LAMB WESTON HOLDINGS INC   144A,LW,US513272AD65,513272AD6,United States,225000,232,232,USD,ISHHYXF,11/8/2021,
12/30/2021,LAMB WESTON HOLDINGS INC   144A,LW,US513272AE49,513272AE4,United States,185000,191,191,USD,ISHHYXF,11/8/2021,
12/30/2021,LIVE NATION ENTERTAINMEN   144A,LYV,US538034AK54,,United States,125000,128,128,USD,ISHHYXF,10/31/2016,
12/30/2021,LIVE NATION ENTERTAINMENT INC 144A,LYV,US538034AV10,538034AV1,United States,250000,276,276,USD,ISHHYXF,5/20/2020,
12/30/2021,LIVE NATION ENTERTAINMENT INC 144A,LYV,US538034AR08,538034AR0,United States,225000,234,234,USD,ISHHYXF,10/17/2019,
12/30/2021,LIVE NATION ENTERTAINMENT INC 144A,LYV,US538034AX75,538034AX7,United States,125000,127,127,USD,ISHHYXF,1/4/2021,
12/30/2021,MACYS RETAIL HOLDINGS INC,M,US55616XAH08,,United States,100000,102,102,USD,ISHHYXF,11/20/2012,
12/30/2021,MACYS RETAIL HOLDINGS LLC  144A,M,US55617LAP76,55617LAP7,United States,145000,157,157,USD,ISHHYXF,3/17/2021,
12/30/2021,MICHAELS COMPANIES INC     144A,MIK,US55916AAA25,55916AAA2,United States,215000,217,217,USD,ISHHYXF,4/15/2021,
12/30/2021,MICHAELS COMPANIES INC     144A,MIK,US55916AAB08,,United States,335000,335,335,USD,ISHHYXF,4/15/2021,
12/30/2021,SSL ROBOTICS LLC           144A,MAXR,US78472GAA76,78472GAA7,United States,154000,167,167,USD,ISHHYXF,12/2/2019,
12/30/2021,MEDNAX INC 144A,MD,US58502BAC00,58502BAC0,United States,230000,248,248,USD,ISHHYXF,11/13/2018,
12/30/2021,OPTION CARE HEALTH INC     144A,OPCH,US68404LAA08,68404LAA0,United States,125000,126,126,USD,ISHHYXF,10/27/2021,
12/30/2021,MERCER INTERNATIONAL INC.,MERC,US588056BB60,,United States,225000,235,235,USD,ISHHYXF,7/6/2021,
12/30/2021,MGM GROWTH PROPERTIES OPERATING PA,MGMGPO,US55303XAC92,55303XAC9,United States,245000,264,264,USD,ISHHYXF,3/3/2017,
12/30/2021,MGM GROWTH PROPERTIES OPERATING PA 144A,MGMGPO,US55303XAK19,55303XAK1,United States,160000,171,171,USD,ISHHYXF,6/5/2020,
12/30/2021,MGM GROWTH PROPERTIES OPERATING PA,MGMGPO,US55303XAB10,55303XAB1,United States,110000,119,119,USD,ISHHYXF,3/3/2017,
12/30/2021,MGM GROWTH PROPERTIES OPERATING PA,MGMGPO,US55303XAJ46,55303XAJ4,United States,145000,168,168,USD,ISHHYXF,1/6/2020,
12/30/2021,MGM GROWTH PROPERTIES OPERATING PA 144A,MGMGPO,US55303XAL91,55303XAL9,United States,160000,171,171,USD,ISHHYXF,11/19/2020,
12/30/2021,PROVIDENCE SERVICE CORP    144A,MODV,US743815AE20,,United States,115000,122,122,USD,ISHHYXF,11/4/2020,
12/30/2021,MICROSTRATEGY INCORPORATED 144A,MSTR,US594972AF82,594972AF8,United States,135000,136,136,USD,ISHHYXF,6/14/2021,
12/30/2021,MERITAGE HOMES CORP,MTH,US59001AAY82,59001AAY8,United States,76000,85,85,USD,ISHHYXF,8/3/2015,
12/30/2021,MERITAGE HOMES CORP        144A,MTH,US59001ABD37,59001ABD3,United States,105000,111,111,USD,ISHHYXF,4/15/2021,
12/30/2021,VAIL RESORTS INC           144A,MTN,US91879QAL32,91879QAL3,United States,145000,153,153,USD,ISHHYXF,5/4/2020,
12/30/2021,MUELLER WATER PRODUCTS INC 144A,MWA,US624758AF53,624758AF5,United States,105000,106,106,USD,ISHHYXF,5/28/2021,
12/30/2021,NCR CORPORATION            144A,NCR,US62886EAU29,62886EAU2,United States,120000,128,128,USD,ISHHYXF,8/21/2019,
12/30/2021,NCR CORPORATION            144A,NCR,US62886EAY41,,United States,150000,156,156,USD,ISHHYXF,8/20/2020,
12/30/2021,NCR CORPORATION            144A,NCR,US62886EBA55,62886EBA5,United States,305000,318,318,USD,ISHHYXF,4/6/2021,
12/30/2021,NCR CORPORATION            144A,NCR,US62886EAV02,62886EAV0,United States,120000,131,131,USD,ISHHYXF,8/21/2019,
12/30/2021,NCR CORPORATION            144A,NCR,US62886EAZ16,,United States,135000,141,141,USD,ISHHYXF,8/20/2020,
12/30/2021,NETFLIX INC,NFLX,US64110LAG14,,United States,100000,111,111,USD,ISHHYXF,2/19/2014,
12/30/2021,NETFLIX INC,NFLX,US64110LAL09,,United States,250000,284,284,USD,ISHHYXF,2/5/2015,
12/30/2021,NETFLIX INC                144A,NFLX,US64110LAY20,64110LAY2,United States,175000,185,185,USD,ISHHYXF,4/28/2020,
12/30/2021,NETFLIX INC,NFLX,US64110LAN64,64110LAN6,United States,225000,251,251,USD,ISHHYXF,10/27/2016,
12/30/2021,NETFLIX INC,NFLX,US64110LAS51,64110LAS5,United States,360000,415,415,USD,ISHHYXF,10/26/2017,
12/30/2021,NETFLIX INC,NFLX,US64110LAT35,64110LAT3,United States,495000,601,601,USD,ISHHYXF,4/26/2018,
12/30/2021,NETFLIX INC,NFLX,US64110LAX47,,United States,210000,264,264,USD,ISHHYXF,10/26/2018,
12/30/2021,NETFLIX INC                144A,NFLX,US64110LAU08,64110LAU0,United States,230000,274,274,USD,ISHHYXF,4/29/2019,
12/30/2021,NETFLIX INC                144A,NFLX,US64110LAV80,64110LAV8,United States,260000,304,304,USD,ISHHYXF,10/25/2019,
12/30/2021,INGEVITY CORP              144A,NGVT,US45688CAB37,45688CAB3,United States,150000,147,147,USD,ISHHYXF,10/28/2020,
12/30/2021,NORTONLIFELOCK INC         144A,NLOK,US871503AU26,871503AU2,United States,295000,301,301,USD,ISHHYXF,2/9/2017,
12/30/2021,NIELSEN FINANCE LLC        144A,NLSN,US65409QBD34,65409QBD3,United States,260000,272,272,USD,ISHHYXF,9/24/2020,
12/30/2021,NIELSEN FINANCE LLC        144A,NLSN,US65409QBH48,,United States,150000,152,152,USD,ISHHYXF,5/28/2021,
12/30/2021,NIELSEN FINANCE LLC        144A,NLSN,US65409QBF81,65409QBF8,United States,195000,208,208,USD,ISHHYXF,9/24/2020,
12/30/2021,NIELSEN FINANCE LLC        144A,NLSN,US65409QBK76,,United States,150000,153,153,USD,ISHHYXF,5/28/2021,
12/30/2021,NUANCE COMMUNICATIONS INC,NUAN,US67020YAQ35,67020YAQ3,United States,130000,134,134,USD,ISHHYXF,12/22/2016,
12/30/2021,NEWELL BRANDS INC,NWL,US651229AV81,651229AV8,United States,225000,234,234,USD,ISHHYXF,3/30/2016,
12/30/2021,NEWELL BRANDS INC,NWL,US651229BB19,651229BB1,United States,115000,126,126,USD,ISHHYXF,5/26/2020,
12/30/2021,NEWELL BRANDS INC,NWL,US651229AW64,651229AW6,United States,525000,579,579,USD,ISHHYXF,3/30/2016,
12/30/2021,NEWELL RUBBERMAID INC,NWL,US651229AX48,651229AX4,United States,125000,156,156,USD,ISHHYXF,3/30/2016,
12/30/2021,NEWELL BRANDS INC,NWL,US651229AY21,651229AY2,United States,160000,205,205,USD,ISHHYXF,3/30/2016,
12/30/2021,NEXSTAR ESCROW INC         144A,NXST,US65343HAA95,65343HAA9,United States,460000,496,496,USD,ISHHYXF,7/3/2019,
12/30/2021,NEXSTAR BROADCASTING INC   144A,NXST,US65336YAN31,65336YAN3,United States,265000,273,273,USD,ISHHYXF,9/25/2020,
12/30/2021,CSC HOLDINGS LLC,CSCHLD,US126307AH04,,United States,125000,131,131,USD,ISHHYXF,5/23/2014,
12/30/2021,CSC HOLDINGS LLC           144A,CSCHLD,US126307AQ03,126307AQ0,United States,425000,445,445,USD,ISHHYXF,9/23/2016,
12/30/2021,CABLEVISION LIGHTPATH CT LLC 144A,CVLGHT,US12687GAA76,12687GAA7,United States,100000,98,98,USD,ISHHYXF,9/29/2020,
12/30/2021,CSC HOLDINGS LLC           144A,CSCHLD,US126307AS68,126307AS6,United States,200000,211,211,USD,ISHHYXF,1/29/2018,
12/30/2021,CSC HOLDINGS LLC           144A,CSCHLD,US126307AY37,126307AY3,United States,200000,219,219,USD,ISHHYXF,10/18/2018,
12/30/2021,CABLEVISION LIGHTPATH CT LLC 144A,CVLGHT,US12687GAB59,12687GAB5,United States,100000,100,100,USD,ISHHYXF,9/29/2020,
12/30/2021,CSC HOLDINGS LLC           144A,CSCHLD,US126307AZ02,126307AZ0,United States,450000,495,495,USD,ISHHYXF,1/31/2019,
12/30/2021,CSC HOLDINGS LLC           144A,CSCHLD,US126307BA42,,United States,425000,436,436,USD,ISHHYXF,7/10/2019,
12/30/2021,CSC HOLDINGS LLC           144A,CSCHLD,US126307BB25,126307BB2,United States,200000,196,196,USD,ISHHYXF,6/16/2020,
12/30/2021,CSC HOLDINGS LLC           144A,CSCHLD,US126307BD80,126307BD8,United States,400000,380,380,USD,ISHHYXF,6/16/2020,
12/30/2021,CSC HOLDINGS LLC           144A,CSCHLD,US126307BF39,126307BF3,United States,200000,190,190,USD,ISHHYXF,8/17/2020,
12/30/2021,CSC HOLDINGS LLC           144A,CSCHLD,US126307BH94,126307BH9,United States,300000,298,298,USD,ISHHYXF,5/13/2021,
12/30/2021,CSC HOLDINGS LLC           144A,CSCHLD,US126307BK24,126307BK2,United States,100000,97,97,USD,ISHHYXF,5/13/2021,
12/30/2021,ORGANON FINANCE 1 LLC      144A,OGN,US68622TAA97,68622TAA9,United States,475000,490,490,USD,ISHHYXF,4/22/2021,
12/30/2021,ORGANON FINANCE 1 LLC      144A,OGN,US68622TAB70,68622TAB7,United States,675000,711,711,USD,ISHHYXF,4/22/2021,
12/30/2021,OWENS-BROCKWAY GLASS CONTAINER INC 144A,OI,US69073TAR41,69073TAR4,United States,160000,171,171,USD,ISHHYXF,8/24/2015,
12/30/2021,OWENS-BROCKWAY GLASS CONTAINER INC 144A,OI,US69073TAT07,69073TAT0,United States,175000,186,186,USD,ISHHYXF,5/13/2020,
12/30/2021,OWENS & MINOR INC          144A,OMI,US690732AF97,690732AF9,United States,115000,119,119,USD,ISHHYXF,3/10/2021,
12/30/2021,ON SEMICONDUCTOR CORPORATION 144A,ON,US682189AQ81,,United States,185000,192,192,USD,ISHHYXF,8/21/2020,
12/30/2021,OPEN TEXT HOLDINGS INC     144A,OTEXCN,US683720AA42,683720AA4,Canada,245000,256,256,USD,ISHHYXF,2/18/2020,
12/30/2021,OPEN TEXT HOLDINGS INC     144A,OTEXCN,US683720AC08,683720AC0,Canada,122000,124,124,USD,ISHHYXF,11/24/2021,
12/30/2021,OUTFRONT MEDIA CAPITAL LLC 144A,OUT,US69007TAD63,69007TAD6,United States,90000,95,95,USD,ISHHYXF,5/15/2020,
12/30/2021,OUTFRONT MEDIA CAPITAL LLC 144A,OUT,US69007TAB08,,United States,170000,177,177,USD,ISHHYXF,6/14/2019,
12/30/2021,OUTFRONT MEDIA CAPITAL LLC 144A,OUT,US69007TAE47,69007TAE4,United States,135000,136,136,USD,ISHHYXF,1/19/2021,
12/30/2021,OUTFRONT MEDIA CAPITAL LLC 144A,OUT,US69007TAC80,69007TAC8,United States,130000,132,132,USD,ISHHYXF,11/18/2019,
12/30/2021,PRESTIGE BRANDS INC        144A,PBH,US74112BAL99,74112BAL9,United States,75000,80,80,USD,ISHHYXF,12/2/2019,
12/30/2021,PRESTIGE BRANDS INC        144A,PBH,US74112BAM72,74112BAM7,United States,165000,161,161,USD,ISHHYXF,3/1/2021,
12/30/2021,PITNEY BOWES INC           144A,PBI,US724479AP57,724479AP5,United States,105000,110,110,USD,ISHHYXF,3/19/2021,
12/30/2021,PGT INNOVATIONS INC        144A,PGTI,US69336VAB71,69336VAB7,United States,165000,168,168,USD,ISHHYXF,9/24/2021,
12/30/2021,PLANTRONICS INC            144A,POLY,US727493AC24,727493AC2,United States,130000,126,126,USD,ISHHYXF,3/4/2021,
12/30/2021,POST HOLDINGS INC          144A,POST,US737446AM60,737446AM6,United States,385000,406,406,USD,ISHHYXF,2/14/2017,
12/30/2021,POST HOLDINGS INC          144A,POST,US737446AN44,,United States,202000,218,218,USD,ISHHYXF,12/1/2017,
12/30/2021,POST HOLDINGS INC          144A,POST,US737446AP91,737446AP9,United States,340000,359,359,USD,ISHHYXF,7/3/2019,
12/30/2021,POST HOLDINGS INC          144A,POST,US737446AQ74,737446AQ7,United States,380000,391,391,USD,ISHHYXF,2/26/2020,
12/30/2021,POST HOLDINGS INC          144A,POST,US737446AR57,,United States,485000,487,487,USD,ISHHYXF,3/10/2021,
12/30/2021,PRIMO WATER HOLDINGS INC   144A,PRMWCN,US74168LAA44,,Canada,210000,210,210,USD,ISHHYXF,4/30/2021,
12/30/2021,PTC INC    144A,PTC,US69370CAB63,69370CAB6,United States,145000,149,149,USD,ISHHYXF,2/13/2020,
12/30/2021,PTC INC    144A,PTC,US69370CAC47,69370CAC4,United States,105000,108,108,USD,ISHHYXF,2/13/2020,
12/30/2021,EXELA INTERMEDIATE LLC     144A,EXLINT,US30162RAC51,,United States,115000,89,89,USD,ISHHYXF,12/9/2021,
12/30/2021,IQVIA INC  144A,IQV,US449934AD05,449934AD0,United States,300000,311,311,USD,ISHHYXF,9/28/2016,
12/30/2021,IQVIA INC  144A,IQV,US46266TAA60,46266TAA6,United States,375000,390,390,USD,ISHHYXF,5/10/2019,
12/30/2021,RITE AID CORPORATION       144A,RAD,US767754CK89,767754CK8,United States,135000,144,144,USD,ISHHYXF,2/5/2020,
12/30/2021,RITE AID CORPORATION       144A,RAD,US767754CL62,,United States,235000,249,249,USD,ISHHYXF,7/27/2020,
12/30/2021,RITCHIE BROS HOLDINGS INC  144A,RBACN,US76774LAA52,76774LAA5,United States,150000,157,157,USD,ISHHYXF,12/21/2021,
12/30/2021,REALOGY GROUP LLC / REALOGY CO ISS 144A,RLGY,US75606DAE13,,United States,95000,99,99,USD,ISHHYXF,6/1/2016,
12/30/2021,REALOGY GROUP LLC          144A,RLGY,US75606DAJ00,75606DAJ0,United States,155000,165,165,USD,ISHHYXF,6/16/2020,
12/30/2021,REALOGY GROUP LLC          144A,RLGY,US75606DAG60,75606DAG6,United States,135000,150,150,USD,ISHHYXF,3/29/2019,
12/30/2021,REALOGY GROUP LLC          144A,RLGY,US75606DAL55,,United States,230000,242,242,USD,ISHHYXF,1/11/2021,
12/30/2021,ARAMARK SERVICES INC       144A,ARMK,US038522AP34,038522AP3,United States,250000,258,258,USD,ISHHYXF,3/22/2017,
12/30/2021,ARAMARK SERVICES INC       144A,ARMK,US038522AR99,038522AR9,United States,350000,369,369,USD,ISHHYXF,4/27/2020,
12/30/2021,ARAMARK SERVICES INC       144A,ARMK,US038522AQ17,038522AQ1,United States,300000,317,317,USD,ISHHYXF,1/18/2018,
12/30/2021,RR DONNELLEY & SONS CO     144A,RRD,US257867BF75,,United States,105000,116,116,USD,ISHHYXF,4/28/2021,
12/30/2021,RACKSPACE TECHNOLOGY GLOBAL INC 144A,RAX,US750098AB18,750098AB1,United States,125000,121,121,USD,ISHHYXF,2/9/2021,
12/30/2021,RACKSPACE TECHNOLOGY GLOBAL INC 144A,RAX,US750098AA35,750098AA3,United States,160000,156,156,USD,ISHHYXF,12/1/2020,
12/30/2021,RAYONIER AM PRODUCTS INC   144A,RYAM,US75508EAB48,75508EAB4,United States,119000,129,129,USD,ISHHYXF,12/23/2020,
12/30/2021,SABRE GLBL INC             144A,SABHLD,US78573NAC65,78573NAC6,United States,220000,253,253,USD,ISHHYXF,4/17/2020,
12/30/2021,SABRE GLBL INC             144A,SABHLD,US78573NAF96,,United States,185000,197,197,USD,ISHHYXF,8/27/2020,
12/30/2021,SONIC AUTOMOTIVE INC       144A,SAH,US83545GBD34,83545GBD3,United States,175000,178,178,USD,ISHHYXF,10/27/2021,
12/30/2021,SONIC AUTOMOTIVE INC       144A,SAH,US83545GBE17,83545GBE1,United States,125000,127,127,USD,ISHHYXF,10/27/2021,
12/30/2021,HUGHES SATELLITE SYSTEMS CORP,SATS,US444454AD48,444454AD4,United States,195000,218,218,USD,ISHHYXF,5/11/2017,
12/30/2021,HUGHES SATELLITE SYSTEMS CORP,SATS,US444454AF95,444454AF9,United States,180000,206,206,USD,ISHHYXF,5/11/2017,
12/30/2021,SBA COMMUNICATIONS CORP,SBAC,US78410GAD60,78410GAD6,United States,390000,408,408,USD,ISHHYXF,12/28/2020,
12/30/2021,SBA COMMUNICATIONS CORP    144A,SBAC,US78410GAE44,,United States,390000,380,380,USD,ISHHYXF,1/29/2021,
12/30/2021,DIAMOND SPORTS GROUP LLC/DIAMOND S 144A,DSPORT,US25277LAA44,,United States,750000,385,385,USD,ISHHYXF,8/2/2019,
12/30/2021,SINCLAIR TELEVISION GROUP INC 144A,SBGI,US829259AW02,829259AW0,United States,80000,79,79,USD,ISHHYXF,8/30/2016,
12/30/2021,DIAMOND SPRTS GROUP LLC/DIAMOND SP 144A,DSPORT,US25277LAC00,,United States,120000,36,36,USD,ISHHYXF,8/2/2019,
12/30/2021,SINCLAIR TELEVISION GROUP INC 144A,SBGI,US829259AY67,829259AY6,United States,115000,112,112,USD,ISHHYXF,11/27/2019,
12/30/2021,SINCLAIR TELEVISION GROUP INC 144A,SBGI,US829259BA72,,United States,190000,181,181,USD,ISHHYXF,12/4/2020,
12/30/2021,SALLY HOLDINGS LLC/SALLY CAPITAL I,SBH,US79546VAL09,79546VAL0,United States,80000,82,82,USD,ISHHYXF,12/3/2015,
12/30/2021,SERVICE CORPORATION INTERNATIONAL,SCI,US817565CD49,817565CD4,United States,135000,142,142,USD,ISHHYXF,12/12/2017,
12/30/2021,SERVICE CORPORATION INTERNATIONAL,SCI,US817565CE22,817565CE2,United States,185000,200,200,USD,ISHHYXF,5/21/2019,
12/30/2021,SERVICE CORPORATION INTERNATIONAL,SCI,US817565CF96,817565CF9,United States,235000,234,234,USD,ISHHYXF,8/10/2020,
12/30/2021,SERVICE CORPORATION INTERNATIONAL,SCI,US817565CG79,817565CG7,United States,195000,200,200,USD,ISHHYXF,5/24/2021,
12/30/2021,NATIONAL CINEMEDIA LLC     144A,NATCIN,US63530QAJ85,63530QAJ8,United States,100000,91,91,USD,ISHHYXF,10/8/2019,
12/30/2021,SEAWORLD PARKS & ENTERTAINMENT 144A,SEAS,US81282UAG76,81282UAG7,United States,195000,202,202,USD,ISHHYXF,8/25/2021,
12/30/2021,SEALED AIR CORPORATION     144A,SEE,US81211KAU43,,United States,85000,89,89,USD,ISHHYXF,3/21/2013,
12/30/2021,SEALED AIR CORPORATION     144A,SEE,US81211KAW09,,United States,120000,129,129,USD,ISHHYXF,11/24/2014,
12/30/2021,SEALED AIR CORPORATION     144A,SEE,US81211KAX81,,United States,105000,118,118,USD,ISHHYXF,6/16/2015,
12/30/2021,SEALED AIR CORPORATION     144A,SEE,US81211KAY64,81211KAY6,United States,120000,126,126,USD,ISHHYXF,11/26/2019,
12/30/2021,SEALED AIR CORPORATION     144A,SEE,US81211KAK60,,United States,110000,143,143,USD,ISHHYXF,7/1/2003,
12/30/2021,SELECT MEDICAL CORPORATION 144A,SEM,US816196AT67,816196AT6,United States,315000,341,341,USD,ISHHYXF,8/1/2019,
12/30/2021,SIX FLAGS ENTERTAINMENT CORP 144A,SIX,US83001AAB89,,United States,245000,253,253,USD,ISHHYXF,6/16/2016,
12/30/2021,SIX FLAGS THEME PARKS INC  144A,SIX,US83001WAC82,83001WAC8,United States,215000,237,237,USD,ISHHYXF,4/22/2020,
12/30/2021,SIX FLAGS ENTERTAINMENT CORP 144A,SIX,US83001AAC62,83001AAC6,United States,110000,115,115,USD,ISHHYXF,4/13/2017,
12/30/2021,SPECTRUM BRANDS INC,SPB,US84762LAU98,84762LAU9,United States,82000,86,86,USD,ISHHYXF,2/8/2016,
12/30/2021,SPECTRUM BRANDS INC        144A,SPB,US84762LAX38,84762LAX3,United States,140000,140,140,USD,ISHHYXF,3/3/2021,
12/30/2021,SPIRIT AEROSYSTEMS INC     144A,SPR,US85205TAM27,85205TAM2,United States,160000,170,170,USD,ISHHYXF,10/5/2020,
12/30/2021,SPIRIT AEROSYSTEMS INC     144A,SPR,US85205TAL44,85205TAL4,United States,285000,305,305,USD,ISHHYXF,4/17/2020,
12/30/2021,SPIRIT AEROSYSTEMS INC,SPR,US85205TAK60,85205TAK6,United States,185000,186,186,USD,ISHHYXF,5/30/2018,
12/30/2021,SQUARE INC 144A,SQ,US852234AL72,852234AL7,United States,245000,247,247,USD,ISHHYXF,5/20/2021,
12/30/2021,SQUARE INC 144A,SQ,US852234AM55,852234AM5,United States,260000,269,269,USD,ISHHYXF,5/20/2021,
12/30/2021,SS&C TECHNOLOGIES INC      144A,SSNC,US78466CAC01,78466CAC0,United States,520000,553,553,USD,ISHHYXF,3/28/2019,
12/30/2021,EW SCRIPPS CO              144A,SSP,US81104PAA75,81104PAA7,United States,125000,135,135,USD,ISHHYXF,7/26/2019,
12/30/2021,SCRIPPS ESCROW II INC      144A,SSP,US81105DAA37,,United States,110000,112,112,USD,ISHHYXF,12/30/2020,
12/30/2021,SCRIPPS ESCROW II INC      144A,SSP,US81105DAB10,,United States,130000,136,136,USD,ISHHYXF,12/30/2020,
12/30/2021,SENSATA TECHNOLOGIES INC   144A,ST,US81728UAA25,81728UAA2,United States,145000,156,156,USD,ISHHYXF,9/20/2019,
12/30/2021,SENSATA TECHNOLOGIES INC   144A,ST,US81728UAB08,81728UAB0,United States,170000,172,172,USD,ISHHYXF,8/17/2020,
12/30/2021,SUMMIT MATERIALS LLC       144A,SUMMAT,US86614RAN70,86614RAN7,United States,185000,199,199,USD,ISHHYXF,8/11/2020,
12/30/2021,SWITCH LTD 144A,SWCH,US87105NAA81,87105NAA8,United States,160000,163,163,USD,ISHHYXF,9/17/2020,
12/30/2021,SWITCH LTD 144A,SWCH,US87105NAC48,,United States,115000,118,118,USD,ISHHYXF,6/7/2021,
12/30/2021,SYNAPTICS INCORPORATED     144A,SYNA,US87157DAG43,87157DAG4,United States,100000,102,102,USD,ISHHYXF,3/11/2021,
12/30/2021,SYNEOS HEALTH INC          144A,SYNH,US87166BAA08,87166BAA0,United States,175000,175,175,USD,ISHHYXF,11/24/2020,
12/30/2021,TRANSDIGM INC              144A,TDG,US893647BK28,893647BK2,United States,290000,312,312,USD,ISHHYXF,4/8/2020,
12/30/2021,TRANSDIGM INC              144A,TDG,US893647BE67,893647BE6,United States,990000,1047,1047,USD,ISHHYXF,2/13/2019,
12/30/2021,TRANSDIGM INC,TDG,US893647BB29,893647BB2,United States,205000,211,211,USD,ISHHYXF,2/23/2017,
12/30/2021,TRANSDIGM INC,TDG,US893647BH98,893647BH9,United States,120000,128,128,USD,ISHHYXF,9/16/2019,
12/30/2021,TRANSDIGM INC,TDG,US893647BL01,893647BL0,United States,610000,633,633,USD,ISHHYXF,6/12/2020,
12/30/2021,TRANSDIGM INC,TDG,US893647BP15,,United States,255000,259,259,USD,ISHHYXF,9/20/2021,
12/30/2021,TRANSDIGM INC,TDG,US893647BQ97,,United States,165000,167,167,USD,ISHHYXF,9/20/2021,
12/30/2021,US CELLULAR CORP,USM,US911684AD06,,United States,150000,182,182,USD,ISHHYXF,12/8/2003,
12/30/2021,TENNECO INC,TEN,US880349AR61,880349AR6,United States,125000,124,124,USD,ISHHYXF,6/13/2016,
12/30/2021,TENNECO INC                144A,TEN,US880349AS45,880349AS4,United States,140000,157,157,USD,ISHHYXF,11/30/2020,
12/30/2021,TENNECO INC                144A,TEN,US880349AT28,,United States,200000,199,199,USD,ISHHYXF,3/17/2021,
12/30/2021,TEREX CORPORATION          144A,TEX,US880779BA01,,United States,170000,176,176,USD,ISHHYXF,4/1/2021,
12/30/2021,TELEFLEX INCORPORATED,TFX,US879369AF39,,United States,150000,157,157,USD,ISHHYXF,11/20/2017,
12/30/2021,TELEFLEX INCORPORATED      144A,TFX,US879369AG12,879369AG1,United States,105000,108,108,USD,ISHHYXF,5/27/2020,
12/30/2021,TRIUMPH GROUP INC          144A,TGI,US896818AS01,896818AS0,United States,146000,161,161,USD,ISHHYXF,8/17/2020,
12/30/2021,TRIUMPH GROUP INC          144A,TGI,US896818AQ45,896818AQ4,United States,125000,128,128,USD,ISHHYXF,9/23/2019,
12/30/2021,TRIUMPH GROUP INC,TGI,US896818AP61,896818AP6,United States,130000,133,133,USD,ISHHYXF,1/18/2018,
12/30/2021,TEGNA INC  144A,TGNA,US87901JAF21,87901JAF2,United States,150000,158,158,USD,ISHHYXF,9/10/2020,
12/30/2021,TEGNA INC,TGNA,US87901JAJ43,87901JAJ4,United States,240000,246,246,USD,ISHHYXF,1/9/2020,
12/30/2021,TEGNA INC,TGNA,US87901JAH86,,United States,285000,297,297,USD,ISHHYXF,9/13/2019,
12/30/2021,THOR INDUSTRIES INC        144A,THO,US885160AA99,885160AA9,United States,125000,125,125,USD,ISHHYXF,10/14/2021,
12/30/2021,TREEHOUSE FOODS INC,THS,US89469AAD63,,United States,125000,122,122,USD,ISHHYXF,9/9/2020,
12/30/2021,PARTY CITY HOLDINGS INC    144A,PRTY,US702150AG84,702150AG8,United States,185000,197,197,USD,ISHHYXF,2/19/2021,
12/30/2021,GRUBHUB HOLDINGS INC       144A,GRUB,US40010PAA66,40010PAA6,United States,125000,127,127,USD,ISHHYXF,6/10/2019,
12/30/2021,TAYLOR MORRISON COMMUNITIES INC 144A,TMHC,US87724RAA05,87724RAA0,United States,140000,158,158,USD,ISHHYXF,6/5/2019,
12/30/2021,TAYLOR MORRISON COMMUNITIES INC 144A,TMHC,US87724RAB87,87724RAB8,United States,106000,121,121,USD,ISHHYXF,8/1/2019,
12/30/2021,TAYLOR MORRISON COMMUNITIES INC 144A,TMHC,US87724RAJ14,87724RAJ1,United States,135000,153,153,USD,ISHHYXF,7/22/2020,
12/30/2021,TRINET GROUP INC           144A,TNET,US896288AA51,896288AA5,United States,140000,142,142,USD,ISHHYXF,2/26/2021,
12/30/2021,TRAVEL + LEISURE CO,TNL,US98310WAL28,,United States,97000,100,100,USD,ISHHYXF,2/22/2013,
12/30/2021,TRAVEL + LEISURE CO        144A,TNL,US98310WAS70,98310WAS7,United States,175000,199,199,USD,ISHHYXF,7/24/2020,
12/30/2021,TRAVEL + LEISURE CO,TNL,US98310WAN83,,United States,95000,105,105,USD,ISHHYXF,3/21/2017,
12/30/2021,TRAVEL + LEISURE CO        144A,TNL,US894164AA06,894164AA0,United States,160000,162,162,USD,ISHHYXF,11/18/2021,
12/30/2021,TRI POINTE GROUP INC/TRI POINTE HO,TPH,US962178AN91,,United States,130000,142,142,USD,ISHHYXF,6/17/2015,
12/30/2021,TEMPUR SEALY INTERNATIONAL INC 144A,TPX,US88023UAH41,88023UAH4,United States,195000,200,200,USD,ISHHYXF,3/25/2021,
12/30/2021,TEMPUR SEALY INTERNATIONAL INC 144A,TPX,US88023UAJ07,88023UAJ0,United States,225000,228,228,USD,ISHHYXF,9/24/2021,
12/30/2021,TRINITY INDUSTRIES INC,TRN,US896522AH27,896522AH2,United States,107000,114,114,USD,ISHHYXF,9/25/2014,
12/30/2021,TRONOX INC 144A,TROX,US897051AB46,897051AB4,United States,120000,127,127,USD,ISHHYXF,5/1/2020,
12/30/2021,TRONOX INC 144A,TROX,US897051AC29,897051AC2,United States,275000,278,278,USD,ISHHYXF,3/15/2021,
12/30/2021,TRIMAS CORPORATION         144A,TRS,US896215AH37,,United States,125000,127,127,USD,ISHHYXF,3/29/2021,
12/30/2021,TTM TECHNOLOGIES INC       144A,TTMI,US87305RAK59,,United States,140000,141,141,USD,ISHHYXF,3/10/2021,
12/30/2021,TWILIO INC,TWLO,US90138FAC68,,United States,115000,117,117,USD,ISHHYXF,3/9/2021,
12/30/2021,TWILIO INC,TWLO,US90138FAD42,,United States,140000,143,143,USD,ISHHYXF,3/9/2021,
12/30/2021,TWITTER INC                144A,TWTR,US90184LAG77,90184LAG7,United States,175000,183,183,USD,ISHHYXF,12/9/2019,
12/30/2021,UNDER ARMOUR INC,UA,US904311AA54,904311AA5,United States,150000,155,155,USD,ISHHYXF,6/13/2016,
12/30/2021,UNISYS CORPORATION         144A,UIS,US909214BV97,,United States,105000,115,115,USD,ISHHYXF,10/29/2020,
12/30/2021,UNITED NATURAL FOODS INC   144A,UNFI,US911163AA17,911163AA1,United States,138000,150,150,USD,ISHHYXF,10/22/2020,
12/30/2021,UNITI GROUP LP             144A,UNIT,US91327AAA07,91327AAA0,United States,475000,510,510,USD,ISHHYXF,2/10/2020,
12/30/2021,UNITI GROUP LP             144A,UNIT,US91327BAB62,91327BAB6,United States,155000,156,156,USD,ISHHYXF,4/20/2021,
12/30/2021,UNITI GROUP LP             144A,UNIT,US91327BAA89,,United States,285000,291,291,USD,ISHHYXF,2/2/2021,
12/30/2021,UNITI GROUP LP             144A,UNIT,US91327AAB89,91327AAB8,United States,185000,181,181,USD,ISHHYXF,10/13/2021,
12/30/2021,UNIVAR SOLUTIONS USA INC   144A,UNVR,US91337CAA45,91337CAA4,United States,140000,147,147,USD,ISHHYXF,11/22/2019,
12/30/2021,UNITED RENTALS NORTH AM,URI,US911365BF09,911365BF0,United States,220000,234,234,USD,ISHHYXF,11/7/2016,
12/30/2021,UNITED RENTALS (NORTH AMERICA) INC,URI,US911365BG81,911365BG8,United States,415000,446,446,USD,ISHHYXF,8/11/2017,
12/30/2021,UNITED RENTALS (NORTH AMERICA) INC,URI,US911365BL76,911365BL7,United States,215000,238,238,USD,ISHHYXF,5/10/2019,
12/30/2021,UNITED RENTALS (NORTH AMERICA) INC,URI,US911365BN33,911365BN3,United States,225000,236,236,USD,ISHHYXF,2/25/2020,
12/30/2021,UNITED RENTALS (NORTH AMERICA) INC,URI,US911363AM11,,United States,265000,273,273,USD,ISHHYXF,8/10/2020,
12/30/2021,UNITED RENTALS (NORTH AMERICA) INC,URI,US911365BP80,911365BP8,United States,185000,189,189,USD,ISHHYXF,8/13/2021,
12/30/2021,US FOODS INC               144A,USFOOD,US90290MAC55,90290MAC5,United States,260000,275,275,USD,ISHHYXF,4/28/2020,
12/30/2021,US FOODS INC               144A,USFOOD,US90290MAD39,90290MAD3,United States,250000,259,259,USD,ISHHYXF,2/4/2021,
12/30/2021,US FOODS INC               144A,USFOOD,US90290MAE12,90290MAE1,United States,115000,117,117,USD,ISHHYXF,11/22/2021,
12/30/2021,MARRIOTT OWNERSHIP RESORTS INC 144A,VAC,US57164PAH91,57164PAH9,United States,120000,121,121,USD,ISHHYXF,6/21/2021,
12/30/2021,KONTOOR BRANDS INC         144A,KONBRA,US50050NAA19,50050NAA1,United States,100000,101,101,USD,ISHHYXF,11/18/2021,
12/30/2021,VIAVI SOLUTIONS INC        144A,VIAV,US925550AF21,925550AF2,United States,100000,101,101,USD,ISHHYXF,9/29/2021,
12/30/2021,VICI PROPERTIES LP         144A,VICI,US92564RAC97,92564RAC9,United States,200000,207,207,USD,ISHHYXF,2/5/2020,
12/30/2021,VICI PROPERTIES LP         144A,VICI,US92564RAA32,92564RAA3,United States,340000,355,355,USD,ISHHYXF,11/26/2019,
12/30/2021,VICI PROPERTIES LP         144A,VICI,US92564RAD70,,United States,205000,214,214,USD,ISHHYXF,2/5/2020,
12/30/2021,VICI PROPERTIES LP         144A,VICI,US92564RAB15,92564RAB1,United States,280000,301,301,USD,ISHHYXF,11/26/2019,
12/30/2021,VICI PROPERTIES LP         144A,VICI,US92564RAE53,,United States,210000,226,226,USD,ISHHYXF,2/5/2020,
12/30/2021,WELBILT INC,WBT,US563568AB08,563568AB0,United States,175000,183,183,USD,ISHHYXF,9/26/2016,
12/30/2021,WESCO DISTRIBUTION INC     144A,WCC,US95081QAN43,95081QAN4,United States,335000,356,356,USD,ISHHYXF,6/12/2020,
12/30/2021,WESCO DISTRIBUTION INC     144A,WCC,US95081QAP90,95081QAP9,United States,345000,380,380,USD,ISHHYXF,6/12/2020,
12/30/2021,WINDSTREAM ESCROW LLC      144A,WIN,US97382WAA18,97382WAA1,United States,360000,392,392,USD,ISHHYXF,8/25/2020,
12/30/2021,WABASH NATIONAL CORPORATION 144A,WNC,US929566AL19,929566AL1,United States,110000,112,112,USD,ISHHYXF,10/6/2021,
12/30/2021,PICASSO FINANCE SUB INC    144A,WLSC,US71953LAA98,,United States,129000,135,135,USD,ISHHYXF,6/15/2020,
12/30/2021,WILLIAMS SCOTSMAN INTERNATIONAL IN 144A,WLSC,US96950GAE26,96950GAE2,United States,146000,153,153,USD,ISHHYXF,8/25/2020,
12/30/2021,WW INTERNATIONAL INC       144A,WW,US98262PAA93,98262PAA9,United States,150000,145,145,USD,ISHHYXF,4/13/2021,
12/30/2021,WOLVERINE WORLD WIDE INC   144A,WWW,US978097AG86,978097AG8,United States,150000,147,147,USD,ISHHYXF,8/26/2021,
12/30/2021,XEROX CORPORATION,XRXCRP,US984121CQ49,,United States,235000,245,245,USD,ISHHYXF,9/11/2017,
12/30/2021,XEROX HOLDINGS CORP        144A,XRX,US98421MAA45,98421MAA4,United States,210000,226,226,USD,ISHHYXF,8/6/2020,
12/30/2021,XEROX HOLDINGS CORP        144A,XRX,US98421MAB28,98421MAB2,United States,190000,206,206,USD,ISHHYXF,8/6/2020,
12/30/2021,YUM! BRANDS INC.           144A,YUM,US988498AM33,988498AM3,United States,135000,145,145,USD,ISHHYXF,4/1/2020,
12/30/2021,KFC HOLDING CO/PIZZA HUT HOLDINGS 144A,YUM,US48250NAC92,48250NAC9,United States,180000,189,189,USD,ISHHYXF,6/15/2017,
12/30/2021,YUM! BRANDS INC.           144A,YUM,US988498AL59,988498AL5,United States,230000,254,254,USD,ISHHYXF,9/11/2019,
12/30/2021,YUM! BRANDS INC.,YUM,US988498AN16,988498AN1,United States,280000,282,282,USD,ISHHYXF,9/25/2020,
12/30/2021,YUM! BRANDS INC.,YUM,US988498AP63,,United States,250000,269,269,USD,ISHHYXF,4/1/2021,
12/30/2021,ZOOMINFO TECHNOLOGIES LLC  144A,ZMINFO,US98981BAA08,98981BAA0,United States,170000,171,171,USD,ISHHYXF,2/2/2021,
12/30/2021,ENVIVA PARTNERS LP         144A,EVA,US29413XAD93,29413XAD9,United States,125000,133,133,USD,ISHHYXF,12/9/2019,
12/30/2021,FIRSTENERGY TRANSMISSION LLC 144A,FE,US33767BAB53,33767BAB5,United States,115000,125,125,USD,ISHHYXF,5/19/2014,
12/30/2021,FIRSTENERGY TRANSMISSION LLC 144A,FE,US33767BAD10,33767BAD1,United States,165000,167,167,USD,ISHHYXF,3/19/2021,
12/30/2021,FIRSTENERGY TRANSMISSION LLC 144A,FE,US33767BAA70,33767BAA7,United States,95000,122,122,USD,ISHHYXF,5/19/2014,
12/30/2021,FIRSTENERGY TRANSMISSION LLC 144A,FE,US33767BAC37,33767BAC3,United States,135000,156,156,USD,ISHHYXF,3/28/2019,
12/30/2021,SUNNOVA ENERGY CORP        144A,NOVA,US86745GAF00,,United States,120000,125,125,USD,ISHHYXF,8/17/2021,
12/30/2021,AERCAP HOLDINGS NV,AER,US00774YAA73,00774YAA7,Ireland,50000,52,52,USD,ISHHYXF,10/10/2019,
12/30/2021,COMMERZBANK AG             144A,CMZB,US20259BAA98,,Germany,250000,281,281,USD,ISHHYXF,9/19/2013,
12/30/2021,GLOBAL AIRCRAFT LEASING CO LTD 144A,GALCLD,US37960JAA60,37960JAA6,Cayman Islands,478518,473,473,USD,ISHHYXF,7/31/2019,
12/30/2021,TRIVIUM PACKAGING FINANCE BV 144A,TRIVIU,US89686QAA40,89686QAA4,Netherlands,400000,426,426,USD,ISHHYXF,8/2/2019,
12/30/2021,TRIVIUM PACKAGING FINANCE BV 144A,TRIVIU,US89686QAB23,89686QAB2,Netherlands,150000,163,163,USD,ISHHYXF,8/2/2019,
12/30/2021,ASTON MARTIN CAPITAL HOLDINGS LTD 144A,ASTONM,US04625HAG48,04625HAG4,"Jersey, Channel Islands",275000,306,306,USD,ISHHYXF,11/16/2020,
12/30/2021,AMS AG     144A,AMSSW,US03217CAA45,03217CAA4,Austria,200000,218,218,USD,ISHHYXF,7/6/2020,
12/30/2021,CASCADES INC.              144A,CASCN,US14739LAB80,14739LAB8,Canada,140000,148,148,USD,ISHHYXF,11/26/2019,
12/30/2021,CELLNEX FINANCE COMPANY SA 144A,CLNXSM,US15118JAA34,15118JAA3,Spain,150000,147,147,USD,ISHHYXF,7/7/2021,
12/30/2021,CAMELOT FINANCE SA         144A,CCC,US13323AAB61,13323AAB6,Luxembourg,150000,157,157,USD,ISHHYXF,10/31/2019,
12/30/2021,CIMPRESS PLC               144A,CMPR,US17186HAC60,,Ireland,150000,157,157,USD,ISHHYXF,6/15/2018,
12/30/2021,CONSTELLIUM SE (FRANCE)    144A,CSTM,US21039CAB00,21039CAB0,United States,125000,124,124,USD,ISHHYXF,2/24/2021,
12/30/2021,DANA FINANCING LUXEMBOURG SARL 144A,DAN,US235822AB96,235822AB9,United States,85000,88,88,USD,ISHHYXF,4/4/2017,
12/30/2021,DKT FINANCE APS            144A,TDCDC,US255882AA01,255882AA0,Denmark,100000,102,102,USD,ISHHYXF,7/2/2018,
12/30/2021,ELASTIC NV 144A,ESTC,US28415LAA17,28415LAA1,United States,150000,150,150,USD,ISHHYXF,7/6/2021,
12/30/2021,FMG RESOURCES (AUGUST 2006) PTY LT 144A,FMGAU,US30251GAW78,30251GAW7,Australia,170000,182,182,USD,ISHHYXF,5/12/2017,
12/30/2021,FMG RESOURCES (AUGUST 2006) PTY LT 144A,FMGAU,US30251GBA40,30251GBA4,Australia,130000,140,140,USD,ISHHYXF,9/16/2019,
12/30/2021,FMG RESOURCES (AUGUST 2006) PTY LT 144A,FMGAU,US30251GBC06,,Australia,380000,404,404,USD,ISHHYXF,3/25/2021,
12/30/2021,GRIFOLS ESCROW ISSUER SAU  144A,GRFSM,US39843UAA07,39843UAA0,Spain,190000,196,196,USD,ISHHYXF,10/5/2021,
12/30/2021,HAWAIIANMILES LOYALTY LTD  144A,HA,US41984LAA52,,United States,315000,335,335,USD,ISHHYXF,2/4/2021,
12/30/2021,JAMES HARDIE INTERNATIONAL FINANCE 144A,JHXAU,US47032FAB58,,United States,200000,213,213,USD,ISHHYXF,12/13/2017,
12/30/2021,HERBALIFE NUTRITION LTD    144A,HLF,US42704MAA09,42704MAA0,United States,170000,185,185,USD,ISHHYXF,5/29/2020,
12/30/2021,IHS MARKIT LTD,INFO,US44962LAG23,,United States,75000,80,80,USD,ISHHYXF,7/23/2018,
12/30/2021,IHS MARKIT LTD,INFO,US44962LAH06,44962LAH0,United States,100000,105,105,USD,ISHHYXF,4/8/2019,
12/30/2021,IHS MARKIT LTD             144A,INFO,US44962LAB36,,United States,175000,193,193,USD,ISHHYXF,2/9/2017,
12/30/2021,IHS MARKIT LTD             144A,INFO,US44962LAC19,,United States,115000,126,126,USD,ISHHYXF,12/1/2017,
12/30/2021,IHS MARKIT LTD,INFO,US44962LAF40,,United States,145000,171,171,USD,ISHHYXF,7/23/2018,
12/30/2021,IHS MARKIT LTD,INFO,US44962LAJ61,44962LAJ6,United States,210000,240,240,USD,ISHHYXF,4/8/2019,
12/30/2021,INTERTAPE POLYMER GROUP INC. 144A,ITPCN,US460919AB94,460919AB9,Canada,115000,115,115,USD,ISHHYXF,6/8/2021,
12/30/2021,JAZZ SECURITIES DAC        144A,JAZZ,US47216FAA57,47216FAA5,United States,385000,409,409,USD,ISHHYXF,4/29/2021,
12/30/2021,MASONITE INTERNATIONAL CORPORATION 144A,DOOR,US575385AD19,575385AD1,United States,130000,140,140,USD,ISHHYXF,7/25/2019,
12/30/2021,UPC HOLDING BV             144A,UPCB,US90320LAG23,90320LAG2,Netherlands,200000,213,213,USD,ISHHYXF,10/18/2017,
12/30/2021,TELENET FINANCE LUX NOTE   144A,TNETBB,BE6300372289,AQ2322842,Belgium,200000,211,211,USD,ISHHYXF,12/13/2017,
12/30/2021,UPC BROADBAND FINCO BV     144A,UPCB,US90320BAA70,90320BAA7,Netherlands,300000,315,315,USD,ISHHYXF,4/21/2021,
12/30/2021,QUEBECOR MEDIA INC,QBRCN,US74819RAP10,74819RAP1,Canada,200000,209,209,USD,ISHHYXF,5/14/2013,
12/30/2021,VIDEOTRON LTD              144A,QBRCN,US92660FAG90,,Canada,140000,150,150,USD,ISHHYXF,4/9/2014,
12/30/2021,VIDEOTRON LTD              144A,QBRCN,US92660FAK03,,Canada,230000,240,240,USD,ISHHYXF,4/13/2017,
12/30/2021,VIDEOTRON LTD              144A,QBRCN,US92660FAN42,,Canada,140000,142,142,USD,ISHHYXF,6/17/2021,
12/30/2021,MINERAL RESOURCES LTD      144A,MINAU,US603051AA15,603051AA1,Australia,185000,201,201,USD,ISHHYXF,4/23/2019,
12/30/2021,MERLIN ENTERTAINMENTS PLC  144A,MERLLN,US59010QAB23,59010QAB2,United Kingdom,200000,209,209,USD,ISHHYXF,5/9/2018,
12/30/2021,METHANEX CORPORATION,MXCN,US59151KAM09,,Canada,165000,176,176,USD,ISHHYXF,9/22/2020,
12/30/2021,METHANEX CORPORATION,MXCN,US59151KAL26,59151KAL2,Canada,175000,185,185,USD,ISHHYXF,9/12/2019,
12/30/2021,NEW GOLD INC               144A,NGDCN,US644535AH91,644535AH9,Canada,115000,126,126,USD,ISHHYXF,6/24/2020,
12/30/2021,NIELSEN COMPANY LUXEMBOURG SARL 144A,NLSN,US65410CAC47,,United States,95000,98,98,USD,ISHHYXF,1/31/2017,
12/30/2021,NOKIA OYJ,NOKIA,US654902AE56,,Finland,110000,120,120,USD,ISHHYXF,6/12/2017,
12/30/2021,NOKIA OYJ,NOKIA,US654902AC90,,Finland,120000,167,167,USD,ISHHYXF,5/7/2009,
12/30/2021,OI EUROPEAN GROUP BV       144A,OI,US67777LAD55,67777LAD5,United States,115000,117,117,USD,ISHHYXF,11/16/2021,
12/30/2021,OPEN TEXT CORP             144A,OTEXCN,US683715AC05,,Canada,230000,238,238,USD,ISHHYXF,2/18/2020,
12/30/2021,OPEN TEXT CORP             144A,OTEXCN,US683715AD87,683715AD8,Canada,205000,209,209,USD,ISHHYXF,11/24/2021,
12/30/2021,PERRIGO FINANCE PLC,PRGO,US714295AC63,,United States,250000,263,263,USD,ISHHYXF,12/2/2014,
12/30/2021,PERRIGO FINANCE PLC,PRGO,US71429MAB19,71429MAB1,United States,200000,216,216,USD,ISHHYXF,3/10/2016,
12/30/2021,PERRIGO FINANCE UNLIMITED CO,PRGO,US71429MAC91,71429MAC9,United States,200000,203,203,USD,ISHHYXF,6/19/2020,
12/30/2021,PERENTI FINANCE PTY LTD MTN 144A,ASLAU,US71367VAA70,,Australia,200000,210,210,USD,ISHHYXF,10/7/2020,
12/30/2021,1011778 BC UNLIMITED LIABILITY CO 144A,BCULC,US68245XAK54,68245XAK5,Canada,130000,137,137,USD,ISHHYXF,4/7/2020,
12/30/2021,1011778 BC UNLIMITED LIABILITY CO 144A,BCULC,US68245XAH26,68245XAH2,Canada,395000,405,405,USD,ISHHYXF,9/24/2019,
12/30/2021,1011778 BC UNLIMITED LIABILITY CO 144A,BCULC,US68245XAJ81,68245XAJ8,Canada,195000,200,200,USD,ISHHYXF,11/19/2019,
12/30/2021,1011778 BC UNLIMITED LIABILITY CO 144A,BCULC,US68245XAP42,68245XAP4,Canada,205000,206,206,USD,ISHHYXF,11/9/2020,
12/30/2021,1011778 BC UNLIMITED LIABILITY CO 144A,BCULC,US68245XAM11,68245XAM1,Canada,740000,738,738,USD,ISHHYXF,10/5/2020,
12/30/2021,RITCHIE BROS AUCTIONEERS INC 144A,RBACN,US767744AA37,767744AA3,Canada,175000,182,182,USD,ISHHYXF,12/21/2016,
12/30/2021,ROYAL CARIBBEAN CRUISES LTD 144A,RCL,US780153AY85,780153AY8,United States,220000,252,252,USD,ISHHYXF,5/19/2020,
12/30/2021,ROYAL CARIBBEAN CRUISES LTD 144A,RCL,US780153BC56,780153BC5,United States,330000,353,353,USD,ISHHYXF,6/9/2020,
12/30/2021,ROYAL CARIBBEAN CRUISES LTD 144A,RCL,US780153AZ50,780153AZ5,United States,370000,435,435,USD,ISHHYXF,5/19/2020,
12/30/2021,ROYAL CARIBBEAN CRUISES LTD 144A,RCL,US780153BH44,780153BH4,United States,150000,149,149,USD,ISHHYXF,6/24/2021,
12/30/2021,ROYAL CARIBBEAN CRUISES LTD 144A,RCL,US780153BJ00,780153BJ0,United States,240000,248,248,USD,ISHHYXF,8/19/2021,
12/30/2021,ROYAL CARIBBEAN CRUISES LTD,RCL,US780153AW20,780153AW2,United States,145000,138,138,USD,ISHHYXF,11/28/2017,
12/30/2021,ROYAL CARIBBEAN CRUISES LTD 144A,RCL,US780153BG60,,United States,390000,402,402,USD,ISHHYXF,3/29/2021,
12/30/2021,SPIRIT IP CAYMAN LTD       144A,SAVE,US84859BAA98,84859BAA9,United States,125000,140,140,USD,ISHHYXF,9/17/2020,
12/30/2021,SEAGATE HDD CAYMAN,STX,US81180WAH43,,United States,120000,126,126,USD,ISHHYXF,5/22/2013,
12/30/2021,SEAGATE HDD CAYMAN,STX,US81180WAT80,,United States,125000,134,134,USD,ISHHYXF,2/3/2017,
12/30/2021,SEAGATE HDD CAYMAN,STX,US81180WAL54,,United States,110000,121,121,USD,ISHHYXF,5/28/2014,
12/30/2021,SEAGATE HDD CAYMAN,STX,US81180WAR25,81180WAR2,United States,125000,137,137,USD,ISHHYXF,5/14/2015,
12/30/2021,SEAGATE HDD CAYMAN,STX,US81180WBC47,81180WBC4,United States,130000,136,136,USD,ISHHYXF,6/18/2020,
12/30/2021,SEAGATE HDD CAYMAN,STX,US81180WBF77,81180WBF7,Ireland,130000,129,129,USD,ISHHYXF,12/8/2020,
12/30/2021,SEAGATE HDD CAYMAN,STX,US81180WBD20,81180WBD2,Cayman Islands,125000,133,133,USD,ISHHYXF,6/10/2020,
12/30/2021,SEAGATE HDD CAYMAN,STX,US81180WBE03,81180WBE0,Ireland,120000,119,119,USD,ISHHYXF,12/8/2020,
12/30/2021,SEAGATE HDD CAYMAN,STX,US81180WAN11,,United States,135000,157,157,USD,ISHHYXF,12/2/2014,
12/30/2021,SENSATA TECHNOLOGIES BV    144A,ST,US81725WAG87,81725WAG8,Netherlands,115000,122,122,USD,ISHHYXF,4/17/2013,
12/30/2021,SENSATA TECHNOLOGIES BV    144A,ST,US81725WAH60,81725WAH6,Netherlands,100000,111,111,USD,ISHHYXF,10/14/2014,
12/30/2021,SENSATA TECHNOLOGIES BV    144A,ST,US81725WAJ27,,Netherlands,185000,203,203,USD,ISHHYXF,3/26/2015,
12/30/2021,SENSATA TECHNOLOGIES BV    144A,ST,US81725WAK99,,United States,225000,232,232,USD,ISHHYXF,3/29/2021,
12/30/2021,TRANSDIGM UK HOLDINGS PLC,TDG,US89365DAB91,89365DAB9,United States,200000,211,211,USD,ISHHYXF,5/9/2019,
12/30/2021,TELECOM ITALIA SPA         144A,TITIM,US87927YAA01,,Italy,325000,343,343,USD,ISHHYXF,5/30/2014,
12/30/2021,TELECOM ITALIA CAPITAL SA,TITIM,US87927VAF58,,Italy,185000,202,202,USD,ISHHYXF,9/30/2004,
12/30/2021,TELECOM ITALIA CAPITAL SA,TITIM,US87927VAM00,,Italy,335000,357,357,USD,ISHHYXF,9/30/2005,
12/30/2021,TELECOM ITALIA CAPITAL SA,TITIM,US87927VAR96,,Italy,260000,306,306,USD,ISHHYXF,7/18/2006,
12/30/2021,TELECOM ITALIA CAPITAL,TITIM,US87927VAV09,,Italy,255000,300,300,USD,ISHHYXF,6/4/2008,
12/30/2021,TASEKO MINES LTD           144A,TKOCN,US876511AF32,876511AF3,Canada,120000,128,128,USD,ISHHYXF,2/10/2021,
12/30/2021,TRINSEO MATERIALS OPERATING SCA 144A,TSE,US89668QAE89,89668QAE8,United States,125000,128,128,USD,ISHHYXF,8/29/2017,
12/30/2021,TRINSEO MATERIALS OPERATING SCA 144A,TSE,US89668QAF54,89668QAF5,United States,125000,130,130,USD,ISHHYXF,3/24/2021,
12/30/2021,VEON HOLDINGS BV           RegS,VIP,XS1400710726,,Russian Federation,200000,213,213,USD,ISHHYXF,4/26/2016,
12/30/2021,VIMPELCOM HOLDINGS BV      RegS,VIP,XS1625994618,,Russian Federation,200000,210,210,USD,ISHHYXF,6/16/2017,
12/30/2021,VEON HOLDINGS BV           144A,VIP,US92334VAA35,92334VAA3,Russian Federation,275000,283,283,USD,ISHHYXF,10/9/2019,
12/30/2021,VEON HOLDINGS BV MTN 144A,VIP,US91823N2A05,91823N2A0,Russian Federation,325000,318,318,USD,ISHHYXF,11/25/2020,
12/30/2021,ZIGGO BV   144A,ZIGGO,US98954NAA72,98954NAA7,Netherlands,443000,467,467,USD,ISHHYXF,9/23/2016,
12/30/2021,ZIGGO BOND COMPANY BV      144A,ZIGGO,US98954UAB98,98954UAB9,Netherlands,150000,159,159,USD,ISHHYXF,9/23/2016,
12/30/2021,ZIGGO BV   144A,ZIGGO,US98955DAA81,98955DAA8,Netherlands,225000,234,234,USD,ISHHYXF,10/28/2019,
12/30/2021,ZIGGO BOND COMPANY BV      144A,ZIGGO,US98953GAD79,98953GAD7,Netherlands,125000,129,129,USD,ISHHYXF,2/11/2020,
12/30/2021,WEIR GROUP PLC             144A,WEIRLN,US94876QAA40,94876QAA4,United Kingdom,200000,199,199,USD,ISHHYXF,5/13/2021,
12/30/2021,USD CASH,USD,,,United States,6953,7,7,USD,ISHHYXF,1/1/1989,
12/30/2021,BLK CSH FND TREASURY SL AGENCY,XTSLA,US0669224778,066922477,United States,475000,475,475,USD,ISHHYXF,2/4/2009,
